{"totalResultsCount":4445,"geonames":[{"adminCode1":"OH","lng":"-81.69541","geonameId":5150529,"toponymName":"Cleveland","countryId":"6252001","fcl":"P","population":388072,"countryCode":"US","name":"Cleveland","fclName":"city, village,...","adminCodes1":{"ISO3166_2":"OH"},"countryName":"United States","fcodeName":"seat of a second-order administrative division","adminName1":"Ohio","lat":"41.4995","fcode":"PPLA2"},{"adminCode1":"OK","lng":"-97.43948","geonameId":4543762,"toponymName":"Norman","countryId":"6252001","fcl":"P","population":120284,"countryCode":"US","name":"Norman","fclName":"city, village,...","adminCodes1":{"ISO3166_2":"OK"},"countryName":"United States","fcodeName":"seat of a second-order administrative division","adminName1":"Oklahoma","lat":"35.22257","fcode":"PPLA2"},{"adminCode1":"OK","lng":"-97.4867","geonameId":4542975,"toponymName":"Moore","countryId":"6252001","fcl":"P","population":60451,"countryCode":"US","name":"Moore","fclName":"city, village,...","adminCodes1":{"ISO3166_2":"OK"},"countryName":"United States","fcodeName":"populated place","adminName1":"Oklahoma","lat":"35.33951","fcode":"PPL"},{"adminCode1":"AR","lng":"-92.18514","geonameId":4106032,"toponymName":"Cleveland County","countryId":"6252001","fcl":"A","population":8689,"countryCode":"US","name":"Cleveland","fclName":"country, state, region,...","adminCodes1":{"ISO3166_2":"AR"},"countryName":"United States","fcodeName":"second-order administrative division","adminName1":"Arkansas","lat":"33.89836","fcode":"ADM2"},{"adminCode1":"OK","lng":"-97.32641","geonameId":4533690,"toponymName":"Cleveland County","countryId":"6252001","fcl":"A","population":255755,"countryCode":"US","name":"Cleveland","fclName":"country, state, region,...","adminCodes1":{"ISO3166_2":"OK"},"countryName":"United States","fcodeName":"second-order administrative division","adminName1":"Oklahoma","lat":"35.20302","fcode":"ADM2"},{"adminCode1":"NC","lng":"-81.53565","geonameId":4491180,"toponymName":"Shelby","countryId":"6252001","fcl":"P","population":20189,"countryCode":"US","name":"Shelby","fclName":"city, village,...","adminCodes1":{"ISO3166_2":"NC"},"countryName":"United States","fcodeName":"seat of a second-order administrative division","adminName1":"North Carolina","lat":"35.29235","fcode":"PPLA2"},{"adminCode1":"TN","lng":"-84.87661","geonameId":4614088,"toponymName":"Cleveland","countryId":"6252001","fcl":"P","population":43898,"countryCode":"US","name":"Cleveland","fclName":"city, village,...","adminCodes1":{"ISO3166_2":"TN"},"countryName":"United States","fcodeName":"seat of a second-order administrative division","adminName1":"Tennessee","lat":"35.15952","fcode":"PPLA2"},{"adminCode1":"MS","lng":"-90.72482","geonameId":4422106,"toponymName":"Cleveland","countryId":"6252001","fcl":"P","population":12327,"countryCode":"US","name":"Cleveland","fclName":"city, village,...","adminCodes1":{"ISO3166_2":"MS"},"countryName":"United States","fcodeName":"populated place","adminName1":"Mississippi","lat":"33.744","fcode":"PPL"},{"adminCode1":"OK","lng":"-97.33558","geonameId":4540932,"toponymName":"Lexington","countryId":"6252001","fcl":"P","population":2161,"countryCode":"US","name":"Lexington","fclName":"city, village,...","adminCodes1":{"ISO3166_2":"OK"},"countryName":"United States","fcodeName":"populated place","adminName1":"Oklahoma","lat":"35.01479","fcode":"PPL"},{"adminCode1":"OK","lng":"-97.39475","geonameId":4543733,"toponymName":"Noble","countryId":"6252001","fcl":"P","population":6666,"countryCode":"US","name":"Noble","fclName":"city, village,...","adminCodes1":{"ISO3166_2":"OK"},"countryName":"United States","fcodeName":"populated place","adminName1":"Oklahoma","lat":"35.13924","fcode":"PPL"},{"adminCode1":"OH","lng":"-81.84944","geonameId":5150584,"toponymName":"Cleveland-Hopkins International Airport","countryId":"6252001","fcl":"S","population":0,"countryCode":"US","name":"Cleveland-Hopkins International Airport","fclName":"spot, building, farm","adminCodes1":{"ISO3166_2":"OH"},"countryName":"United States","fcodeName":"airport","adminName1":"Ohio","lat":"41.41083","fcode":"AIRP"},{"adminCode1":"NC","lng":"-81.55561","geonameId":4461030,"toponymName":"Cleveland County","countryId":"6252001","fcl":"A","population":98078,"countryCode":"US","name":"Cleveland","fclName":"country, state, region,...","adminCodes1":{"ISO3166_2":"NC"},"countryName":"United States","fcodeName":"second-order administrative division","adminName1":"North Carolina","lat":"35.33411","fcode":"ADM2"},{"adminCode1":"DC","lng":"-77.06553","geonameId":4138070,"toponymName":"Cleveland Park","countryId":"6252001","fcl":"P","population":0,"countryCode":"US","name":"Cleveland Park","fclName":"city, village,...","adminCodes1":{"ISO3166_2":"DC"},"countryName":"United States","fcodeName":"populated place","adminName1":"Washington, D.C.","lat":"38.93622","fcode":"PPL"},{"adminCode1":"OH","lng":"-81.57901","geonameId":5152599,"toponymName":"East Cleveland","countryId":"6252001","fcl":"P","population":17344,"countryCode":"US","name":"East Cleveland","fclName":"city, village,...","adminCodes1":{"ISO3166_2":"OH"},"countryName":"United States","fcodeName":"populated place","adminName1":"Ohio","lat":"41.53311","fcode":"PPL"},{"adminCode1":"OH","lng":"-81.55624","geonameId":4833320,"toponymName":"Cleveland Heights","countryId":"6252001","fcl":"P","population":44962,"countryCode":"US","name":"Cleveland Heights","fclName":"city, village,...","adminCodes1":{"ISO3166_2":"OH"},"countryName":"United States","fcodeName":"populated place","adminName1":"Ohio","lat":"41.52005","fcode":"PPL"},{"adminCode1":"AR","lng":"-92.23848","geonameId":4123492,"toponymName":"New Edinburg","countryId":"6252001","fcl":"P","population":127,"countryCode":"US","name":"New Edinburg","fclName":"city, village,...","adminCodes1":{"ISO3166_2":"AR"},"countryName":"United States","fcodeName":"populated place","adminName1":"Arkansas","lat":"33.75733","fcode":"PPL"},{"adminCode1":"AR","lng":"-92.19015","geonameId":4128469,"toponymName":"Rison","countryId":"6252001","fcl":"P","population":1282,"countryCode":"US","name":"Rison","fclName":"city, village,...","adminCodes1":{"ISO3166_2":"AR"},"countryName":"United States","fcodeName":"seat of a second-order administrative division","adminName1":"Arkansas","lat":"33.95843","fcode":"PPLA2"},{"adminCode1":"OK","lng":"-97.43948","geonameId":4547412,"toponymName":"Owen Field","countryId":"6252001","fcl":"L","population":0,"countryCode":"US","name":"Owen Field","fclName":"parks,area, ...","adminCodes1":{"ISO3166_2":"OK"},"countryName":"United States","fcodeName":"park","adminName1":"Oklahoma","lat":"35.20562","fcode":"PRK"},{"adminCode1":"OK","lng":"-97.33503","geonameId":4551448,"toponymName":"Slaughterville","countryId":"6252001","fcl":"P","population":4217,"countryCode":"US","name":"Slaughterville","fclName":"city, village,...","adminCodes1":{"ISO3166_2":"OK"},"countryName":"United States","fcodeName":"populated place","adminName1":"Oklahoma","lat":"35.08729","fcode":"PPL"},{"adminCode1":"OK","lng":"-97.40642","geonameId":4538234,"toponymName":"Hall Park","countryId":"6252001","fcl":"P","population":1095,"countryCode":"US","name":"Hall Park","fclName":"city, village,...","adminCodes1":{"ISO3166_2":"OK"},"countryName":"United States","fcodeName":"populated place","adminName1":"Oklahoma","lat":"35.23701","fcode":"PPL"},{"adminCode1":"AK","lng":"-169.9475","geonameId":5859544,"toponymName":"Mount Cleveland","countryId":"6252001","fcl":"T","population":0,"countryCode":"US","name":"Mount Cleveland","fclName":"mountain,hill,rock,... ","adminCodes1":{"ISO3166_2":"AK"},"countryName":"United States","fcodeName":"mountain","adminName1":"Alaska","lat":"52.82361","fcode":"MT"},{"adminCode1":"AL","lng":"-86.57749","geonameId":4055815,"toponymName":"Cleveland","countryId":"6252001","fcl":"P","population":1315,"countryCode":"US","name":"Cleveland","fclName":"city, village,...","adminCodes1":{"ISO3166_2":"AL"},"countryName":"United States","fcodeName":"populated place","adminName1":"Alabama","lat":"33.99093","fcode":"PPL"},{"adminCode1":"NC","lng":"-81.66704","geonameId":4456595,"toponymName":"Boiling Springs","countryId":"6252001","fcl":"P","population":4674,"countryCode":"US","name":"Boiling Springs","fclName":"city, village,...","adminCodes1":{"ISO3166_2":"NC"},"countryName":"United States","fcodeName":"populated place","adminName1":"North Carolina","lat":"35.25429","fcode":"PPL"},{"adminCode1":"NC","lng":"-81.34119","geonameId":4474388,"toponymName":"Kings Mountain","countryId":"6252001","fcl":"P","population":10760,"countryCode":"US","name":"Kings Mountain","fclName":"city, village,...","adminCodes1":{"ISO3166_2":"NC"},"countryName":"United States","fcodeName":"populated place","adminName1":"North Carolina","lat":"35.24513","fcode":"PPL"},{"adminCode1":"TX","lng":"-95.08549","geonameId":4682032,"toponymName":"Cleveland","countryId":"6252001","fcl":"P","population":7858,"countryCode":"US","name":"Cleveland","fclName":"city, village,...","adminCodes1":{"ISO3166_2":"TX"},"countryName":"United States","fcodeName":"populated place","adminName1":"Texas","lat":"30.34132","fcode":"PPL"},{"adminCode1":"AR","lng":"-92.00292","geonameId":4125315,"toponymName":"Pansy","countryId":"6252001","fcl":"P","population":0,"countryCode":"US","name":"Pansy","fclName":"city, village,...","adminCodes1":{"ISO3166_2":"AR"},"countryName":"United States","fcodeName":"populated place","adminName1":"Arkansas","lat":"33.82205","fcode":"PPL"},{"adminCode1":"AR","lng":"-91.99792","geonameId":4129429,"toponymName":"Rye","countryId":"6252001","fcl":"P","population":146,"countryCode":"US","name":"Rye","fclName":"city, village,...","adminCodes1":{"ISO3166_2":"AR"},"countryName":"United States","fcodeName":"populated place","adminName1":"Arkansas","lat":"33.74622","fcode":"PPL"},{"adminCode1":"AR","lng":"-92.27737","geonameId":4132285,"toponymName":"Staves","countryId":"6252001","fcl":"P","population":116,"countryCode":"US","name":"Staves","fclName":"city, village,...","adminCodes1":{"ISO3166_2":"AR"},"countryName":"United States","fcodeName":"populated place","adminName1":"Arkansas","lat":"34.03927","fcode":"PPL"},{"adminCode1":"AR","lng":"-92.0307","geonameId":4104108,"toponymName":"Calmer","countryId":"6252001","fcl":"P","population":0,"countryCode":"US","name":"Calmer","fclName":"city, village,...","adminCodes1":{"ISO3166_2":"AR"},"countryName":"United States","fcodeName":"populated place","adminName1":"Arkansas","lat":"33.9376","fcode":"PPL"},{"adminCode1":"AR","lng":"-92.25487","geonameId":4120568,"toponymName":"Marks Mill Battleground","countryId":"6252001","fcl":"L","population":0,"countryCode":"US","name":"Marks Mill Battleground","fclName":"parks,area, ...","adminCodes1":{"ISO3166_2":"AR"},"countryName":"United States","fcodeName":"park","adminName1":"Arkansas","lat":"33.78122","fcode":"PRK"},{"adminCode1":"AR","lng":"-92.03403","geonameId":4114389,"toponymName":"Herbine","countryId":"6252001","fcl":"P","population":0,"countryCode":"US","name":"Herbine","fclName":"city, village,...","adminCodes1":{"ISO3166_2":"AR"},"countryName":"United States","fcodeName":"populated place","adminName1":"Arkansas","lat":"33.82121","fcode":"PPL"},{"adminCode1":"WI","lng":"-87.74731","geonameId":5248933,"toponymName":"Cleveland","countryId":"6252001","fcl":"P","population":1468,"countryCode":"US","name":"Cleveland","fclName":"city, village,...","adminCodes1":{"ISO3166_2":"WI"},"countryName":"United States","fcodeName":"populated place","adminName1":"Wisconsin","lat":"43.91499","fcode":"PPL"},{"adminCode1":"OK","lng":"-97.16891","geonameId":4536016,"toponymName":"Etowah","countryId":"6252001","fcl":"P","population":92,"countryCode":"US","name":"Etowah","fclName":"city, village,...","adminCodes1":{"ISO3166_2":"OK"},"countryName":"United States","fcodeName":"populated place","adminName1":"Oklahoma","lat":"35.12702","fcode":"PPL"},{"adminCode1":"OK","lng":"-97.50476","geonameId":4555743,"toponymName":"Mount Williams","countryId":"6252001","fcl":"T","population":0,"countryCode":"US","name":"Mount Williams","fclName":"mountain,hill,rock,... ","adminCodes1":{"ISO3166_2":"OK"},"countryName":"United States","fcodeName":"mountain","adminName1":"Oklahoma","lat":"35.23812","fcode":"MT"},{"adminCode1":"NC","lng":"-81.60148","geonameId":4491186,"toponymName":"Shelby Municipal Airport","countryId":"6252001","fcl":"S","population":0,"countryCode":"US","name":"Shelby–Cleveland County Regional Airport","fclName":"spot, building, farm","adminCodes1":{"ISO3166_2":"NC"},"countryName":"United States","fcodeName":"airport","adminName1":"North Carolina","lat":"35.25513","fcode":"AIRP"},{"adminCode1":"NC","lng":"-81.69899","geonameId":4480124,"toponymName":"Mooresboro","countryId":"6252001","fcl":"P","population":308,"countryCode":"US","name":"Mooresboro","fclName":"city, village,...","adminCodes1":{"ISO3166_2":"NC"},"countryName":"United States","fcodeName":"populated place","adminName1":"North Carolina","lat":"35.29874","fcode":"PPL"},{"adminCode1":"NC","lng":"-81.66065","geonameId":4475171,"toponymName":"Lattimore","countryId":"6252001","fcl":"P","population":484,"countryCode":"US","name":"Lattimore","fclName":"city, village,...","adminCodes1":{"ISO3166_2":"NC"},"countryName":"United States","fcodeName":"populated place","adminName1":"North Carolina","lat":"35.31818","fcode":"PPL"},{"adminCode1":"NC","lng":"-81.56315","geonameId":4475357,"toponymName":"Lawndale","countryId":"6252001","fcl":"P","population":592,"countryCode":"US","name":"Lawndale","fclName":"city, village,...","adminCodes1":{"ISO3166_2":"NC"},"countryName":"United States","fcodeName":"populated place","adminName1":"North Carolina","lat":"35.41402","fcode":"PPL"},{"adminCode1":"NC","lng":"-81.4287","geonameId":4497222,"toponymName":"Waco","countryId":"6252001","fcl":"P","population":318,"countryCode":"US","name":"Waco","fclName":"city, village,...","adminCodes1":{"ISO3166_2":"NC"},"countryName":"United States","fcodeName":"populated place","adminName1":"North Carolina","lat":"35.36152","fcode":"PPL"},{"adminCode1":"NC","lng":"-81.53315","geonameId":4464485,"toponymName":"Earl","countryId":"6252001","fcl":"P","population":257,"countryCode":"US","name":"Earl","fclName":"city, village,...","adminCodes1":{"ISO3166_2":"NC"},"countryName":"United States","fcodeName":"populated place","adminName1":"North Carolina","lat":"35.19346","fcode":"PPL"},{"adminCode1":"NC","lng":"-81.50148","geonameId":4465926,"toponymName":"Fallston","countryId":"6252001","fcl":"P","population":601,"countryCode":"US","name":"Fallston","fclName":"city, village,...","adminCodes1":{"ISO3166_2":"NC"},"countryName":"United States","fcodeName":"populated place","adminName1":"North Carolina","lat":"35.42902","fcode":"PPL"},{"adminCode1":"NC","lng":"-81.44981","geonameId":4469357,"toponymName":"Grover","countryId":"6252001","fcl":"P","population":701,"countryCode":"US","name":"Grover","fclName":"city, village,...","adminCodes1":{"ISO3166_2":"NC"},"countryName":"United States","fcodeName":"populated place","adminName1":"North Carolina","lat":"35.17458","fcode":"PPL"},{"adminCode1":"NC","lng":"-81.61732","geonameId":4459478,"toponymName":"Casar","countryId":"6252001","fcl":"P","population":294,"countryCode":"US","name":"Casar","fclName":"city, village,...","adminCodes1":{"ISO3166_2":"NC"},"countryName":"United States","fcodeName":"populated place","adminName1":"North Carolina","lat":"35.51235","fcode":"PPL"},{"adminCode1":"NC","lng":"-81.64287","geonameId":4049858,"toponymName":"Polkville","countryId":"6252001","fcl":"P","population":536,"countryCode":"US","name":"Polkville","fclName":"city, village,...","adminCodes1":{"ISO3166_2":"NC"},"countryName":"United States","fcodeName":"populated place","adminName1":"North Carolina","lat":"35.41763","fcode":"PPL"},{"adminCode1":"OK","lng":"-96.46584","geonameId":4533688,"toponymName":"Cleveland","countryId":"6252001","fcl":"P","population":3216,"countryCode":"US","name":"Cleveland","fclName":"city, village,...","adminCodes1":{"ISO3166_2":"OK"},"countryName":"United States","fcodeName":"populated place","adminName1":"Oklahoma","lat":"36.31032","fcode":"PPL"},{"adminCode1":"GA","lng":"-83.76324","geonameId":4188377,"toponymName":"Cleveland","countryId":"6252001","fcl":"P","population":3773,"countryCode":"US","name":"Cleveland","fclName":"city, village,...","adminCodes1":{"ISO3166_2":"GA"},"countryName":"United States","fcodeName":"seat of a second-order administrative division","adminName1":"Georgia","lat":"34.59704","fcode":"PPLA2"},{"adminCode1":"AL","lng":"-88.07056","geonameId":4088628,"toponymName":"Saraland","countryId":"6252001","fcl":"P","population":13906,"countryCode":"US","name":"Saraland","fclName":"city, village,...","adminCodes1":{"ISO3166_2":"AL"},"countryName":"United States","fcodeName":"populated place","adminName1":"Alabama","lat":"30.82074","fcode":"PPL"},{"adminCode1":"OH","lng":"-81.68319","geonameId":5148736,"toponymName":"Burke Lakefront Airport","countryId":"6252001","fcl":"S","population":0,"countryCode":"US","name":"Burke Lakefront Airport","fclName":"spot, building, farm","adminCodes1":{"ISO3166_2":"OH"},"countryName":"United States","fcodeName":"airport","adminName1":"Ohio","lat":"41.51727","fcode":"AIRP"},{"adminCode1":"DC","lng":"-77.05776","geonameId":4138185,"toponymName":"District of Columbia Public Library-Cleveland Park Branch Library","countryId":"6252001","fcl":"S","population":0,"countryCode":"US","name":"District of Columbia Public Library-Cleveland Park Branch Library","fclName":"spot, building, farm","adminCodes1":{"ISO3166_2":"DC"},"countryName":"United States","fcodeName":"library","adminName1":"Washington, D.C.","lat":"38.93372","fcode":"LIBR"},{"adminCode1":"AR","lng":"-92.19329","geonameId":7170136,"toponymName":"City of Rison","countryId":"6252001","fcl":"A","population":1344,"countryCode":"US","name":"City of Rison","fclName":"country, state, region,...","adminCodes1":{"ISO3166_2":"AR"},"countryName":"United States","fcodeName":"administrative division","adminName1":"Arkansas","lat":"33.95929","fcode":"ADMD"},{"adminCode1":"AR","lng":"-92.29085","geonameId":7170282,"toponymName":"City of Kingsland","countryId":"6252001","fcl":"A","population":447,"countryCode":"US","name":"City of Kingsland","fclName":"country, state, region,...","adminCodes1":{"ISO3166_2":"AR"},"countryName":"United States","fcodeName":"administrative division","adminName1":"Arkansas","lat":"33.85896","fcode":"ADMD"},{"adminCode1":"AR","lng":"-92.19394","geonameId":4123924,"toponymName":"Township of Niven","countryId":"6252001","fcl":"A","population":0,"countryCode":"US","name":"Niven Township","fclName":"country, state, region,...","adminCodes1":{"ISO3166_2":"AR"},"countryName":"United States","fcodeName":"third-order administrative division","adminName1":"Arkansas","lat":"34.01815","fcode":"ADM3"},{"adminCode1":"AR","lng":"-92.22682","geonameId":4128110,"toponymName":"Township of Redland","countryId":"6252001","fcl":"A","population":0,"countryCode":"US","name":"Redland Township","fclName":"country, state, region,...","adminCodes1":{"ISO3166_2":"AR"},"countryName":"United States","fcodeName":"third-order administrative division","adminName1":"Arkansas","lat":"33.77567","fcode":"ADM3"},{"adminCode1":"AR","lng":"-92.20837","geonameId":4128472,"toponymName":"Township of Rison","countryId":"6252001","fcl":"A","population":0,"countryCode":"US","name":"Rison Township","fclName":"country, state, region,...","adminCodes1":{"ISO3166_2":"AR"},"countryName":"United States","fcodeName":"third-order administrative division","adminName1":"Arkansas","lat":"33.93947","fcode":"ADM3"},{"adminCode1":"AR","lng":"-92.03709","geonameId":4129260,"toponymName":"Township of Rowell","countryId":"6252001","fcl":"A","population":0,"countryCode":"US","name":"Rowell Township","fclName":"country, state, region,...","adminCodes1":{"ISO3166_2":"AR"},"countryName":"United States","fcodeName":"third-order administrative division","adminName1":"Arkansas","lat":"33.88957","fcode":"ADM3"},{"adminCode1":"AR","lng":"-92.38859","geonameId":4130050,"toponymName":"Township of Saline","countryId":"6252001","fcl":"A","population":0,"countryCode":"US","name":"Saline Township","fclName":"country, state, region,...","adminCodes1":{"ISO3166_2":"AR"},"countryName":"United States","fcodeName":"third-order administrative division","adminName1":"Arkansas","lat":"34.01327","fcode":"ADM3"},{"adminCode1":"AR","lng":"-92.14073","geonameId":4131500,"toponymName":"Township of Smith","countryId":"6252001","fcl":"A","population":0,"countryCode":"US","name":"Smith Township","fclName":"country, state, region,...","adminCodes1":{"ISO3166_2":"AR"},"countryName":"United States","fcodeName":"third-order administrative division","adminName1":"Arkansas","lat":"33.88614","fcode":"ADM3"},{"adminCode1":"AR","lng":"-92.31553","geonameId":4134547,"toponymName":"Upper Canada Lake","countryId":"6252001","fcl":"H","population":0,"countryCode":"US","name":"Upper Canada Lake","fclName":"stream, lake, ...","adminCodes1":{"ISO3166_2":"AR"},"countryName":"United States","fcodeName":"lake","adminName1":"Arkansas","lat":"34.02482","fcode":"LK"},{"adminCode1":"AR","lng":"-92.30598","geonameId":4136180,"toponymName":"White Oak Bluff","countryId":"6252001","fcl":"P","population":0,"countryCode":"US","name":"White Oak Bluff","fclName":"city, village,...","adminCodes1":{"ISO3166_2":"AR"},"countryName":"United States","fcodeName":"populated place","adminName1":"Arkansas","lat":"34.03149","fcode":"PPL"},{"adminCode1":"AR","lng":"-92.27352","geonameId":4136260,"toponymName":"Township of White Oak","countryId":"6252001","fcl":"A","population":0,"countryCode":"US","name":"White Oak Township","fclName":"country, state, region,...","adminCodes1":{"ISO3166_2":"AR"},"countryName":"United States","fcodeName":"third-order administrative division","adminName1":"Arkansas","lat":"34.01783","fcode":"ADM3"},{"adminCode1":"AR","lng":"-92.04382","geonameId":4136356,"toponymName":"Township of Whiteville","countryId":"6252001","fcl":"A","population":0,"countryCode":"US","name":"Whiteville Township","fclName":"country, state, region,...","adminCodes1":{"ISO3166_2":"AR"},"countryName":"United States","fcodeName":"third-order administrative division","adminName1":"Arkansas","lat":"34.01412","fcode":"ADM3"},{"adminCode1":"AR","lng":"-92.30112","geonameId":4136737,"toponymName":"Wilson Lake","countryId":"6252001","fcl":"H","population":0,"countryCode":"US","name":"Wilson Lake","fclName":"stream, lake, ...","adminCodes1":{"ISO3166_2":"AR"},"countryName":"United States","fcodeName":"lake","adminName1":"Arkansas","lat":"33.98765","fcode":"LK"},{"adminCode1":"AR","lng":"-92.11031","geonameId":4102716,"toponymName":"Township of Bowman","countryId":"6252001","fcl":"A","population":0,"countryCode":"US","name":"Bowman Township","fclName":"country, state, region,...","adminCodes1":{"ISO3166_2":"AR"},"countryName":"United States","fcodeName":"third-order administrative division","adminName1":"Arkansas","lat":"34.01944","fcode":"ADM3"},{"adminCode1":"AR","lng":"-92.13316","geonameId":4107003,"toponymName":"Crane Lake","countryId":"6252001","fcl":"H","population":0,"countryCode":"US","name":"Crane Lake","fclName":"stream, lake, ...","adminCodes1":{"ISO3166_2":"AR"},"countryName":"United States","fcodeName":"lake","adminName1":"Arkansas","lat":"33.80683","fcode":"LK"},{"adminCode1":"AR","lng":"-92.29404","geonameId":4117552,"toponymName":"Kingsland","countryId":"6252001","fcl":"P","population":420,"countryCode":"US","name":"Kingsland","fclName":"city, village,...","adminCodes1":{"ISO3166_2":"AR"},"countryName":"United States","fcodeName":"populated place","adminName1":"Arkansas","lat":"33.85844","fcode":"PPL"},{"adminCode1":"AR","lng":"-92.31545","geonameId":4117558,"toponymName":"Township of Kingsland","countryId":"6252001","fcl":"A","population":0,"countryCode":"US","name":"Kingsland Township","fclName":"country, state, region,...","adminCodes1":{"ISO3166_2":"AR"},"countryName":"United States","fcodeName":"third-order administrative division","adminName1":"Arkansas","lat":"33.89438","fcode":"ADM3"},{"adminCode1":"AR","lng":"-92.11569","geonameId":4118614,"toponymName":"Township of Lee","countryId":"6252001","fcl":"A","population":0,"countryCode":"US","name":"Lee Township","fclName":"country, state, region,...","adminCodes1":{"ISO3166_2":"AR"},"countryName":"United States","fcodeName":"third-order administrative division","adminName1":"Arkansas","lat":"33.74436","fcode":"ADM3"},{"adminCode1":"AR","lng":"-92.32036","geonameId":4119981,"toponymName":"Lower Canada Lake","countryId":"6252001","fcl":"H","population":0,"countryCode":"US","name":"Lower Canada Lake","fclName":"stream, lake, ...","adminCodes1":{"ISO3166_2":"AR"},"countryName":"United States","fcodeName":"lake","adminName1":"Arkansas","lat":"34.01588","fcode":"LK"},{"adminCode1":"AR","lng":"-92.06323","geonameId":4121712,"toponymName":"Township of Miller","countryId":"6252001","fcl":"A","population":0,"countryCode":"US","name":"Miller Township","fclName":"country, state, region,...","adminCodes1":{"ISO3166_2":"AR"},"countryName":"United States","fcodeName":"third-order administrative division","adminName1":"Arkansas","lat":"33.9498","fcode":"ADM3"},{"adminCode1":"AR","lng":"-92.29305","geonameId":4112938,"toponymName":"Grays Lake","countryId":"6252001","fcl":"H","population":0,"countryCode":"US","name":"Grays Lake","fclName":"stream, lake, ...","adminCodes1":{"ISO3166_2":"AR"},"countryName":"United States","fcodeName":"lake","adminName1":"Arkansas","lat":"33.9659","fcode":"LK"},{"adminCode1":"AR","lng":"-92.02875","geonameId":4113873,"toponymName":"Township of Harper","countryId":"6252001","fcl":"A","population":0,"countryCode":"US","name":"Harper Township","fclName":"country, state, region,...","adminCodes1":{"ISO3166_2":"AR"},"countryName":"United States","fcodeName":"third-order administrative division","adminName1":"Arkansas","lat":"33.82116","fcode":"ADM3"},{"adminCode1":"AR","lng":"-91.98457","geonameId":4115545,"toponymName":"Township of Hudgin","countryId":"6252001","fcl":"A","population":0,"countryCode":"US","name":"Hudgin Township","fclName":"country, state, region,...","adminCodes1":{"ISO3166_2":"AR"},"countryName":"United States","fcodeName":"third-order administrative division","adminName1":"Arkansas","lat":"34.00664","fcode":"ADM3"},{"adminCode1":"AR","lng":"-92.01627","geonameId":4115737,"toponymName":"Township of Hurricane","countryId":"6252001","fcl":"A","population":0,"countryCode":"US","name":"Hurricane Township","fclName":"country, state, region,...","adminCodes1":{"ISO3166_2":"AR"},"countryName":"United States","fcodeName":"third-order administrative division","adminName1":"Arkansas","lat":"33.75119","fcode":"ADM3"},{"adminCode1":"AR","lng":"-92.15848","geonameId":4116299,"toponymName":"Township of Jackson (historical)","countryId":"6252001","fcl":"A","population":0,"countryCode":"US","name":"Jackson Township","fclName":"country, state, region,...","adminCodes1":{"ISO3166_2":"AR"},"countryName":"United States","fcodeName":"administrative division","adminName1":"Arkansas","lat":"34.02927","fcode":"ADMD"},{"adminCode1":"MS","lng":"-90.7562","geonameId":4422113,"toponymName":"Cleveland Municipal Airport","countryId":"6252001","fcl":"S","population":0,"countryCode":"US","name":"Cleveland Municipal Airport","fclName":"spot, building, farm","adminCodes1":{"ISO3166_2":"MS"},"countryName":"United States","fcodeName":"airport","adminName1":"Mississippi","lat":"33.75985","fcode":"AIRP"},{"adminCode1":"TN","lng":"-84.87217","geonameId":4658861,"toponymName":"South Cleveland","countryId":"6252001","fcl":"P","population":6912,"countryCode":"US","name":"South Cleveland","fclName":"city, village,...","adminCodes1":{"ISO3166_2":"TN"},"countryName":"United States","fcodeName":"populated place","adminName1":"Tennessee","lat":"35.14119","fcode":"PPL"},{"adminCode1":"TX","lng":"-95.00921","geonameId":4682044,"toponymName":"Cleveland Municipal Airport","countryId":"6252001","fcl":"S","population":0,"countryCode":"US","name":"Cleveland Municipal Airport","fclName":"spot, building, farm","adminCodes1":{"ISO3166_2":"TX"},"countryName":"United States","fcodeName":"airport","adminName1":"Texas","lat":"30.36237","fcode":"AIRP"},{"adminCode1":"OK","lng":"-97.33444","geonameId":7173669,"toponymName":"City of Lexington","countryId":"6252001","fcl":"A","population":2152,"countryCode":"US","name":"City of Lexington","fclName":"country, state, region,...","adminCodes1":{"ISO3166_2":"OK"},"countryName":"United States","fcodeName":"administrative division","adminName1":"Oklahoma","lat":"35.01788","fcode":"ADMD"},{"adminCode1":"OK","lng":"-97.37101","geonameId":7173970,"toponymName":"City of Noble","countryId":"6252001","fcl":"A","population":6481,"countryCode":"US","name":"City of Noble","fclName":"country, state, region,...","adminCodes1":{"ISO3166_2":"OK"},"countryName":"United States","fcodeName":"administrative division","adminName1":"Oklahoma","lat":"35.13856","fcode":"ADMD"},{"adminCode1":"OK","lng":"-97.34704","geonameId":7173978,"toponymName":"City of Norman","countryId":"6252001","fcl":"A","population":110925,"countryCode":"US","name":"City of Norman","fclName":"country, state, region,...","adminCodes1":{"ISO3166_2":"OK"},"countryName":"United States","fcodeName":"administrative division","adminName1":"Oklahoma","lat":"35.2335","fcode":"ADMD"},{"adminCode1":"OK","lng":"-97.16393","geonameId":7175020,"toponymName":"Town of Etowah","countryId":"6252001","fcl":"A","population":92,"countryCode":"US","name":"Town of Etowah","fclName":"country, state, region,...","adminCodes1":{"ISO3166_2":"OK"},"countryName":"United States","fcodeName":"administrative division","adminName1":"Oklahoma","lat":"35.12911","fcode":"ADMD"},{"adminCode1":"OK","lng":"-97.40444","geonameId":7175135,"toponymName":"Town of Hall Park (historical)","countryId":"6252001","fcl":"A","population":0,"countryCode":"US","name":"Town of Hall Park (historical)","fclName":"country, state, region,...","adminCodes1":{"ISO3166_2":"OK"},"countryName":"United States","fcodeName":"administrative division","adminName1":"Oklahoma","lat":"35.2398","fcode":"ADMD"},{"adminCode1":"OK","lng":"-97.28792","geonameId":7175697,"toponymName":"Town of Slaughterville","countryId":"6252001","fcl":"A","population":4137,"countryCode":"US","name":"Town of Slaughterville","fclName":"country, state, region,...","adminCodes1":{"ISO3166_2":"OK"},"countryName":"United States","fcodeName":"administrative division","adminName1":"Oklahoma","lat":"35.09102","fcode":"ADMD"},{"adminCode1":"OK","lng":"-97.44725","geonameId":4547204,"toponymName":"Oliver Wildlife Preserve","countryId":"6252001","fcl":"L","population":0,"countryCode":"US","name":"Oliver Wildlife Preserve","fclName":"parks,area, ...","adminCodes1":{"ISO3166_2":"OK"},"countryName":"United States","fcodeName":"park","adminName1":"Oklahoma","lat":"35.17951","fcode":"PRK"},{"adminCode1":"OK","lng":"-97.4392","geonameId":4549102,"toponymName":"Reeves Park","countryId":"6252001","fcl":"L","population":0,"countryCode":"US","name":"Reeves Park","fclName":"parks,area, ...","adminCodes1":{"ISO3166_2":"OK"},"countryName":"United States","fcodeName":"park","adminName1":"Oklahoma","lat":"35.19535","fcode":"PRK"},{"adminCode1":"OK","lng":"-97.46142","geonameId":4549766,"toponymName":"Rotary Park","countryId":"6252001","fcl":"L","population":0,"countryCode":"US","name":"Rotary Park","fclName":"parks,area, ...","adminCodes1":{"ISO3166_2":"OK"},"countryName":"United States","fcodeName":"park","adminName1":"Oklahoma","lat":"35.21173","fcode":"PRK"},{"adminCode1":"OK","lng":"-97.53282","geonameId":4551430,"toponymName":"Sky Ranch Park","countryId":"6252001","fcl":"L","population":0,"countryCode":"US","name":"Sky Ranch Park","fclName":"parks,area, ...","adminCodes1":{"ISO3166_2":"OK"},"countryName":"United States","fcodeName":"park","adminName1":"Oklahoma","lat":"35.37228","fcode":"PRK"},{"adminCode1":"OK","lng":"-97.49198","geonameId":4551727,"toponymName":"South Moore Oil Field","countryId":"6252001","fcl":"L","population":0,"countryCode":"US","name":"South Moore Oil Field","fclName":"parks,area, ...","adminCodes1":{"ISO3166_2":"OK"},"countryName":"United States","fcodeName":"oilfield","adminName1":"Oklahoma","lat":"35.31034","fcode":"OILF"},{"adminCode1":"OK","lng":"-97.38392","geonameId":4551728,"toponymName":"South Noble Oil Field","countryId":"6252001","fcl":"L","population":0,"countryCode":"US","name":"South Noble Oil Field","fclName":"parks,area, ...","adminCodes1":{"ISO3166_2":"OK"},"countryName":"United States","fcodeName":"oilfield","adminName1":"Oklahoma","lat":"35.09757","fcode":"OILF"},{"adminCode1":"OK","lng":"-97.40142","geonameId":4551771,"toponymName":"Southeast Norman Oil Field","countryId":"6252001","fcl":"L","population":0,"countryCode":"US","name":"Southeast Norman Oil Field","fclName":"parks,area, ...","adminCodes1":{"ISO3166_2":"OK"},"countryName":"United States","fcodeName":"oilfield","adminName1":"Oklahoma","lat":"35.20173","fcode":"OILF"},{"adminCode1":"OK","lng":"-97.18919","geonameId":4552173,"toponymName":"Township of Stell","countryId":"6252001","fcl":"A","population":0,"countryCode":"US","name":"Township of Stell","fclName":"country, state, region,...","adminCodes1":{"ISO3166_2":"OK"},"countryName":"United States","fcodeName":"administrative division","adminName1":"Oklahoma","lat":"35.33618","fcode":"ADMD"},{"adminCode1":"OK","lng":"-97.56365","geonameId":4552812,"toponymName":"Township of Taylor","countryId":"6252001","fcl":"A","population":0,"countryCode":"US","name":"Township of Taylor","fclName":"country, state, region,...","adminCodes1":{"ISO3166_2":"OK"},"countryName":"United States","fcodeName":"administrative division","adminName1":"Oklahoma","lat":"35.3584","fcode":"ADMD"},{"adminCode1":"OK","lng":"-97.4467","geonameId":4553425,"toponymName":"Tull Park","countryId":"6252001","fcl":"L","population":0,"countryCode":"US","name":"Tull Park","fclName":"parks,area, ...","adminCodes1":{"ISO3166_2":"OK"},"countryName":"United States","fcodeName":"park","adminName1":"Oklahoma","lat":"35.23396","fcode":"PRK"},{"adminCode1":"OK","lng":"-97.18919","geonameId":4532146,"toponymName":"Township of Canadian","countryId":"6252001","fcl":"A","population":0,"countryCode":"US","name":"Township of Canadian","fclName":"country, state, region,...","adminCodes1":{"ISO3166_2":"OK"},"countryName":"United States","fcodeName":"administrative division","adminName1":"Oklahoma","lat":"35.04591","fcode":"ADMD"},{"adminCode1":"OK","lng":"-97.29198","geonameId":4532428,"toponymName":"Township of Case","countryId":"6252001","fcl":"A","population":0,"countryCode":"US","name":"Township of Case","fclName":"country, state, region,...","adminCodes1":{"ISO3166_2":"OK"},"countryName":"United States","fcodeName":"administrative division","adminName1":"Oklahoma","lat":"35.37229","fcode":"ADMD"},{"adminCode1":"OK","lng":"-97.42031","geonameId":4533733,"toponymName":"Clothier Oil Field","countryId":"6252001","fcl":"L","population":0,"countryCode":"US","name":"Clothier Oil Field","fclName":"parks,area, ...","adminCodes1":{"ISO3166_2":"OK"},"countryName":"United States","fcodeName":"oilfield","adminName1":"Oklahoma","lat":"35.32201","fcode":"OILF"},{"adminCode1":"OK","lng":"-97.46559","geonameId":4533974,"toponymName":"Community Park","countryId":"6252001","fcl":"L","population":0,"countryCode":"US","name":"Community Park","fclName":"parks,area, ...","adminCodes1":{"ISO3166_2":"OK"},"countryName":"United States","fcodeName":"park","adminName1":"Oklahoma","lat":"35.35229","fcode":"PRK"},{"adminCode1":"OK","lng":"-97.57532","geonameId":4535495,"toponymName":"Earlywine Park","countryId":"6252001","fcl":"L","population":0,"countryCode":"US","name":"Earlywine Park","fclName":"parks,area, ...","adminCodes1":{"ISO3166_2":"OK"},"countryName":"United States","fcodeName":"park","adminName1":"Oklahoma","lat":"35.35395","fcode":"PRK"},{"adminCode1":"OK","lng":"-97.3792","geonameId":4535596,"toponymName":"East Norman Oil Field","countryId":"6252001","fcl":"L","population":0,"countryCode":"US","name":"East Norman Oil Field","fclName":"parks,area, ...","adminCodes1":{"ISO3166_2":"OK"},"countryName":"United States","fcodeName":"oilfield","adminName1":"Oklahoma","lat":"35.2134","fcode":"OILF"},{"adminCode1":"OK","lng":"-97.43392","geonameId":4535692,"toponymName":"Eastwoods Park","countryId":"6252001","fcl":"L","population":0,"countryCode":"US","name":"Eastwoods Park","fclName":"parks,area, ...","adminCodes1":{"ISO3166_2":"OK"},"countryName":"United States","fcodeName":"park","adminName1":"Oklahoma","lat":"35.21312","fcode":"PRK"}]}
