{"totalResultsCount":169,"geonames":[{"adminCode1":"MN","lng":"-93.55948","geonameId":5035980,"toponymName":"Lake Lucy","countryId":"6252001","fcl":"H","population":0,"countryCode":"US","name":"Lake Lucy","fclName":"stream, lake, ...","adminCodes1":{"ISO3166_2":"MN"},"countryName":"United States","fcodeName":"lake","adminName1":"Minnesota","lat":"44.87779","fcode":"LK"},{"adminCode1":"NV","lng":"-115.27943","geonameId":5507632,"toponymName":"Lucy Gray Mountains","countryId":"6252001","fcl":"T","population":0,"countryCode":"US","name":"Lucy Gray Mountains","fclName":"mountain,hill,rock,... ","adminCodes1":{"ISO3166_2":"NV"},"countryName":"United States","fcodeName":"mountains","adminName1":"Nevada","lat":"35.60832","fcode":"MTS"},{"adminCode1":"AK","lng":"-149.5676","geonameId":5868042,"toponymName":"Lucy Lake","countryId":"6252001","fcl":"H","population":0,"countryCode":"US","name":"Lucy Lake","fclName":"stream, lake, ...","adminCodes1":{"ISO3166_2":"AK"},"countryName":"United States","fcodeName":"lake","adminName1":"Alaska","lat":"61.51608","fcode":"LK"},{"adminCode1":"HI","lng":"-159.66833","geonameId":5850383,"toponymName":"Lucy Wright Beach County Park","countryId":"6252001","fcl":"L","population":0,"countryCode":"US","name":"Lucy Wright Beach County Park","fclName":"parks,area, ...","adminCodes1":{"ISO3166_2":"HI"},"countryName":"United States","fcodeName":"park","adminName1":"Hawaii","lat":"21.95583","fcode":"PRK"},{"adminCode1":"AL","lng":"-85.04104","geonameId":4073933,"toponymName":"Lucy","countryId":"6252001","fcl":"P","population":0,"countryCode":"US","name":"Lucy","fclName":"city, village,...","adminCodes1":{"ISO3166_2":"AL"},"countryName":"United States","fcodeName":"populated place","adminName1":"Alabama","lat":"31.02018","fcode":"PPL"},{"adminCode1":"FL","lng":"-81.49564","geonameId":4162974,"toponymName":"Lake Lucy","countryId":"6252001","fcl":"H","population":0,"countryCode":"US","name":"Lake Lucy","fclName":"stream, lake, ...","adminCodes1":{"ISO3166_2":"FL"},"countryName":"United States","fcodeName":"lake","adminName1":"Florida","lat":"28.57421","fcode":"LK"},{"adminCode1":"AK","lng":"-149.89239","geonameId":5868049,"toponymName":"Lucy Lake","countryId":"6252001","fcl":"H","population":0,"countryCode":"US","name":"Lucy Lake","fclName":"stream, lake, ...","adminCodes1":{"ISO3166_2":"AK"},"countryName":"United States","fcodeName":"lake","adminName1":"Alaska","lat":"62.89517","fcode":"LK"},{"adminCode1":"TX","lng":"-98.51644","geonameId":4708299,"toponymName":"Lucy Park","countryId":"6252001","fcl":"L","population":0,"countryCode":"US","name":"Lucy Park","fclName":"parks,area, ...","adminCodes1":{"ISO3166_2":"TX"},"countryName":"United States","fcodeName":"park","adminName1":"Texas","lat":"33.91788","fcode":"PRK"},{"adminCode1":"LA","lng":"-90.52342","geonameId":4330306,"toponymName":"Lake Lucy Gas Field","countryId":"6252001","fcl":"L","population":0,"countryCode":"US","name":"Lake Lucy Gas Field","fclName":"parks,area, ...","adminCodes1":{"ISO3166_2":"LA"},"countryName":"United States","fcodeName":"oilfield","adminName1":"Louisiana","lat":"29.96465","fcode":"OILF"},{"adminCode1":"LA","lng":"-90.53453","geonameId":4332089,"toponymName":"Lucy Gas Field","countryId":"6252001","fcl":"L","population":0,"countryCode":"US","name":"Lucy Gas Field","fclName":"parks,area, ...","adminCodes1":{"ISO3166_2":"LA"},"countryName":"United States","fcodeName":"oilfield","adminName1":"Louisiana","lat":"29.9877","fcode":"OILF"},{"adminCode1":"LA","lng":"-90.52759","geonameId":4332102,"toponymName":"Lucy Gas Field","countryId":"6252001","fcl":"L","population":0,"countryCode":"US","name":"Lucy Gas Field","fclName":"parks,area, ...","adminCodes1":{"ISO3166_2":"LA"},"countryName":"United States","fcodeName":"oilfield","adminName1":"Louisiana","lat":"29.99381","fcode":"OILF"},{"adminCode1":"FL","lng":"-81.8522","geonameId":4162973,"toponymName":"Lake Lucy","countryId":"6252001","fcl":"H","population":0,"countryCode":"US","name":"Lake Lucy","fclName":"stream, lake, ...","adminCodes1":{"ISO3166_2":"FL"},"countryName":"United States","fcodeName":"lake","adminName1":"Florida","lat":"28.60136","fcode":"LK"},{"adminCode1":"FL","lng":"-81.93249","geonameId":4162975,"toponymName":"Lake Lucy","countryId":"6252001","fcl":"H","population":0,"countryCode":"US","name":"Lake Lucy","fclName":"stream, lake, ...","adminCodes1":{"ISO3166_2":"FL"},"countryName":"United States","fcodeName":"lake","adminName1":"Florida","lat":"29.64331","fcode":"LK"},{"adminCode1":"CO","lng":"-107.36061","geonameId":5438932,"toponymName":"Sister Lucy Downey Park","countryId":"6252001","fcl":"L","population":0,"countryCode":"US","name":"Sister Lucy Downey Park","fclName":"parks,area, ...","adminCodes1":{"ISO3166_2":"CO"},"countryName":"United States","fcodeName":"park","adminName1":"Colorado","lat":"39.56137","fcode":"PRK"},{"adminCode1":"WI","lng":"-89.8398","geonameId":5261283,"toponymName":"Lucy Lake","countryId":"6252001","fcl":"H","population":0,"countryCode":"US","name":"Lucy Lake","fclName":"stream, lake, ...","adminCodes1":{"ISO3166_2":"WI"},"countryName":"United States","fcodeName":"lake","adminName1":"Wisconsin","lat":"45.90261","fcode":"LK"},{"adminCode1":"MA","lng":"-71.31145","geonameId":4942739,"toponymName":"Lucy Larcom Park","countryId":"6252001","fcl":"L","population":0,"countryCode":"US","name":"Lucy Larcom Park","fclName":"parks,area, ...","adminCodes1":{"ISO3166_2":"MA"},"countryName":"United States","fcodeName":"park","adminName1":"Massachusetts","lat":"42.65037","fcode":"PRK"},{"adminCode1":"MN","lng":"-93.5375","geonameId":5035979,"toponymName":"Lucy Earle Kelley Historical Marker","countryId":"6252001","fcl":"L","population":0,"countryCode":"US","name":"Lucy Earle Kelley Historical Marker","fclName":"parks,area, ...","adminCodes1":{"ISO3166_2":"MN"},"countryName":"United States","fcodeName":"park","adminName1":"Minnesota","lat":"45.25833","fcode":"PRK"},{"adminCode1":"MN","lng":"-94.82641","geonameId":5030419,"toponymName":"Holland-Lucy Lake","countryId":"6252001","fcl":"H","population":0,"countryCode":"US","name":"Holland-Lucy Lake","fclName":"stream, lake, ...","adminCodes1":{"ISO3166_2":"MN"},"countryName":"United States","fcodeName":"lake","adminName1":"Minnesota","lat":"46.90641","fcode":"LK"},{"adminCode1":"MI","lng":"-83.9125","geonameId":7728795,"toponymName":"Lucy Road Park","countryId":"6252001","fcl":"L","population":0,"countryCode":"US","name":"Lucy Road Park","fclName":"parks,area, ...","adminCodes1":{"ISO3166_2":"MI"},"countryName":"United States","fcodeName":"park","adminName1":"Michigan","lat":"42.59667","fcode":"PRK"},{"adminCode1":"KY","lng":"-87.59212","geonameId":8504376,"toponymName":"Home of Lucy Furman Historical Marker","countryId":"6252001","fcl":"L","population":0,"countryCode":"US","name":"Home of Lucy Furman Historical Marker","fclName":"parks,area, ...","adminCodes1":{"ISO3166_2":"KY"},"countryName":"United States","fcodeName":"park","adminName1":"Kentucky","lat":"37.83513","fcode":"PRK"},{"adminCode1":"ND","lng":"-102.5596","geonameId":5690320,"toponymName":"Township of Lucy","countryId":"6252001","fcl":"A","population":0,"countryCode":"US","name":"Lucy Township","fclName":"country, state, region,...","adminCodes1":{"ISO3166_2":"ND"},"countryName":"United States","fcodeName":"third-order administrative division","adminName1":"North Dakota","lat":"48.6769","fcode":"ADM3"},{"adminCode1":"LA","lng":"-90.50759","geonameId":4332086,"toponymName":"Lucy","countryId":"6252001","fcl":"P","population":0,"countryCode":"US","name":"Lucy","fclName":"city, village,...","adminCodes1":{"ISO3166_2":"LA"},"countryName":"United States","fcodeName":"populated place","adminName1":"Louisiana","lat":"30.04687","fcode":"PPL"},{"adminCode1":"NM","lng":"-105.84335","geonameId":5477394,"toponymName":"Lucy","countryId":"6252001","fcl":"A","population":0,"countryCode":"US","name":"Lucy","fclName":"country, state, region,...","adminCodes1":{"ISO3166_2":"NM"},"countryName":"United States","fcodeName":"administrative division","adminName1":"New Mexico","lat":"34.65284","fcode":"ADMD"},{"adminCode1":"PA","lng":"-79.38882","geonameId":5199258,"toponymName":"Lake Lucy","countryId":"6252001","fcl":"H","population":0,"countryCode":"US","name":"Lake Lucy","fclName":"stream, lake, ...","adminCodes1":{"ISO3166_2":"PA"},"countryName":"United States","fcodeName":"lake","adminName1":"Pennsylvania","lat":"41.39605","fcode":"LK"},{"adminCode1":"MT","lng":"-110.72994","geonameId":5664062,"toponymName":"Lucy Park","countryId":"6252001","fcl":"T","population":0,"countryCode":"US","name":"Lucy Park","fclName":"mountain,hill,rock,... ","adminCodes1":{"ISO3166_2":"MT"},"countryName":"United States","fcodeName":"plain(s)","adminName1":"Montana","lat":"46.97496","fcode":"PLN"},{"adminCode1":"CO","lng":"-108.16286","geonameId":5429705,"toponymName":"Lucy Halls Park","countryId":"6252001","fcl":"T","population":0,"countryCode":"US","name":"Lucy Halls Park","fclName":"mountain,hill,rock,... ","adminCodes1":{"ISO3166_2":"CO"},"countryName":"United States","fcodeName":"plain(s)","adminName1":"Colorado","lat":"37.43944","fcode":"PLN"},{"adminCode1":"AL","lng":"-87.21946","geonameId":4072711,"toponymName":"Limestone County Park","countryId":"6252001","fcl":"L","population":0,"countryCode":"US","name":"Limestone County Park","fclName":"parks,area, ...","adminCodes1":{"ISO3166_2":"AL"},"countryName":"United States","fcodeName":"park","adminName1":"Alabama","lat":"34.77925","fcode":"PRK"},{"adminCode1":"MT","lng":"-107.59927","geonameId":5664057,"toponymName":"Lucy Coulee","countryId":"6252001","fcl":"T","population":0,"countryCode":"US","name":"Lucy Coulee","fclName":"mountain,hill,rock,... ","adminCodes1":{"ISO3166_2":"MT"},"countryName":"United States","fcodeName":"valley","adminName1":"Montana","lat":"47.79667","fcode":"VAL"},{"adminCode1":"VA","lng":"-78.85836","geonameId":4770979,"toponymName":"Lucy Simms Elementary School","countryId":"6252001","fcl":"S","population":0,"countryCode":"US","name":"Lucy Simms Elementary School","fclName":"spot, building, farm","adminCodes1":{"ISO3166_2":"VA"},"countryName":"United States","fcodeName":"school","adminName1":"Virginia","lat":"38.45429","fcode":"SCH"},{"adminCode1":"VA","lng":"-79.68338","geonameId":4770637,"toponymName":"Longdale Furnace","countryId":"6252001","fcl":"P","population":0,"countryCode":"US","name":"Longdale Furnace","fclName":"city, village,...","adminCodes1":{"ISO3166_2":"VA"},"countryName":"United States","fcodeName":"populated place","adminName1":"Virginia","lat":"37.81013","fcode":"PPL"},{"adminCode1":"CA","lng":"-118.84953","geonameId":5385599,"toponymName":"Rae Lake","countryId":"6252001","fcl":"H","population":0,"countryCode":"US","name":"Rae Lake","fclName":"stream, lake, ...","adminCodes1":{"ISO3166_2":"CA"},"countryName":"United States","fcodeName":"lake","adminName1":"California","lat":"37.15166","fcode":"LK"},{"adminCode1":"NM","lng":"-105.83696","geonameId":5477393,"toponymName":"Lucy","countryId":"6252001","fcl":"P","population":0,"countryCode":"US","name":"Lucy","fclName":"city, village,...","adminCodes1":{"ISO3166_2":"NM"},"countryName":"United States","fcodeName":"populated place","adminName1":"New Mexico","lat":"34.65201","fcode":"PPL"},{"adminCode1":"NV","lng":"-115.27582","geonameId":5507631,"toponymName":"Lucy Gray Mine","countryId":"6252001","fcl":"S","population":0,"countryCode":"US","name":"Lucy Gray Mine","fclName":"spot, building, farm","adminCodes1":{"ISO3166_2":"NV"},"countryName":"United States","fcodeName":"mine(s)","adminName1":"Nevada","lat":"35.54971","fcode":"MN"},{"adminCode1":"FL","lng":"-82.4095","geonameId":7217616,"toponymName":"Lucy Dell","countryId":"6252001","fcl":"P","population":0,"countryCode":"US","name":"Lucy Dell","fclName":"city, village,...","adminCodes1":{"ISO3166_2":"FL"},"countryName":"United States","fcodeName":"populated place","adminName1":"Florida","lat":"28.0063","fcode":"PPL"},{"adminCode1":"NY","lng":"-73.98306","geonameId":7255309,"toponymName":"Lucy Moses School For Music","countryId":"6252001","fcl":"S","population":0,"countryCode":"US","name":"Lucy Moses School For Music","fclName":"spot, building, farm","adminCodes1":{"ISO3166_2":"NY"},"countryName":"United States","fcodeName":"school","adminName1":"New York","lat":"40.77528","fcode":"SCH"},{"adminCode1":"NV","lng":"-115.28332","geonameId":5513354,"toponymName":"Sunset Mining District","countryId":"6252001","fcl":"A","population":0,"countryCode":"US","name":"Sunset Mining District","fclName":"country, state, region,...","adminCodes1":{"ISO3166_2":"NV"},"countryName":"United States","fcodeName":"administrative division","adminName1":"Nevada","lat":"35.5486","fcode":"ADMD"},{"adminCode1":"OR","lng":"-123.23033","geonameId":5738475,"toponymName":"Lucy Gulch","countryId":"6252001","fcl":"T","population":0,"countryCode":"US","name":"Lucy Gulch","fclName":"mountain,hill,rock,... ","adminCodes1":{"ISO3166_2":"OR"},"countryName":"United States","fcodeName":"valley","adminName1":"Oregon","lat":"42.39429","fcode":"VAL"},{"adminCode1":"OR","lng":"-120.59033","geonameId":5738477,"toponymName":"Lucy Payne Canyon","countryId":"6252001","fcl":"T","population":0,"countryCode":"US","name":"Lucy Payne Canyon","fclName":"mountain,hill,rock,... ","adminCodes1":{"ISO3166_2":"OR"},"countryName":"United States","fcodeName":"valley","adminName1":"Oregon","lat":"45.3479","fcode":"VAL"},{"adminCode1":"UT","lng":"-113.83528","geonameId":5777740,"toponymName":"Lucy L Gulch","countryId":"6252001","fcl":"T","population":0,"countryCode":"US","name":"Lucy L Gulch","fclName":"mountain,hill,rock,... ","adminCodes1":{"ISO3166_2":"UT"},"countryName":"United States","fcodeName":"valley","adminName1":"Utah","lat":"40.15049","fcode":"VAL"},{"adminCode1":"TN","lng":"-89.92731","geonameId":4638618,"toponymName":"Lucy","countryId":"6252001","fcl":"P","population":0,"countryCode":"US","name":"Lucy","fclName":"city, village,...","adminCodes1":{"ISO3166_2":"TN"},"countryName":"United States","fcodeName":"populated place","adminName1":"Tennessee","lat":"35.30009","fcode":"PPL"},{"adminCode1":"TN","lng":"-85.16468","geonameId":4638621,"toponymName":"Lucy Cove","countryId":"6252001","fcl":"T","population":0,"countryCode":"US","name":"Lucy Cove","fclName":"mountain,hill,rock,... ","adminCodes1":{"ISO3166_2":"TN"},"countryName":"United States","fcodeName":"valley","adminName1":"Tennessee","lat":"35.65007","fcode":"VAL"},{"adminCode1":"VA","lng":"-79.92033","geonameId":4770978,"toponymName":"Lucy Cabin Hollow","countryId":"6252001","fcl":"T","population":0,"countryCode":"US","name":"Lucy Cabin Hollow","fclName":"mountain,hill,rock,... ","adminCodes1":{"ISO3166_2":"VA"},"countryName":"United States","fcodeName":"valley","adminName1":"Virginia","lat":"38.06124","fcode":"VAL"},{"adminCode1":"OK","lng":"-95.1469","geonameId":4541960,"toponymName":"Lucy Albirdie Flat","countryId":"6252001","fcl":"T","population":0,"countryCode":"US","name":"Lucy Albirdie Flat","fclName":"mountain,hill,rock,... ","adminCodes1":{"ISO3166_2":"OK"},"countryName":"United States","fcodeName":"plain(s)","adminName1":"Oklahoma","lat":"35.84926","fcode":"PLN"},{"adminCode1":"MD","lng":"-76.21939","geonameId":4361356,"toponymName":"Lucy Point","countryId":"6252001","fcl":"T","population":0,"countryCode":"US","name":"Lucy Point","fclName":"mountain,hill,rock,... ","adminCodes1":{"ISO3166_2":"MD"},"countryName":"United States","fcodeName":"cape","adminName1":"Maryland","lat":"38.69706","fcode":"CAPE"},{"adminCode1":"LA","lng":"-90.51897","geonameId":4332092,"toponymName":"Lucy Revetment","countryId":"6252001","fcl":"T","population":0,"countryCode":"US","name":"Lucy Revetment","fclName":"mountain,hill,rock,... ","adminCodes1":{"ISO3166_2":"LA"},"countryName":"United States","fcodeName":"levee","adminName1":"Louisiana","lat":"30.04548","fcode":"LEV"},{"adminCode1":"AL","lng":"-87.16582","geonameId":4073936,"toponymName":"Lucy Gastrell Bar","countryId":"6252001","fcl":"T","population":0,"countryCode":"US","name":"Lucy Gastrell Bar","fclName":"mountain,hill,rock,... ","adminCodes1":{"ISO3166_2":"AL"},"countryName":"United States","fcodeName":"bar","adminName1":"Alabama","lat":"32.26764","fcode":"BAR"},{"adminCode1":"AR","lng":"-90.98429","geonameId":4099965,"toponymName":"Aunt Lucy Hill","countryId":"6252001","fcl":"T","population":0,"countryCode":"US","name":"Aunt Lucy Hill","fclName":"mountain,hill,rock,... ","adminCodes1":{"ISO3166_2":"AR"},"countryName":"United States","fcodeName":"mountain","adminName1":"Arkansas","lat":"36.34673","fcode":"MT"},{"adminCode1":"KY","lng":"-84.10021","geonameId":4299527,"toponymName":"Lucy Lay Hollow","countryId":"6252001","fcl":"T","population":0,"countryCode":"US","name":"Lucy Lay Hollow","fclName":"mountain,hill,rock,... ","adminCodes1":{"ISO3166_2":"KY"},"countryName":"United States","fcodeName":"valley","adminName1":"Kentucky","lat":"36.67925","fcode":"VAL"},{"adminCode1":"AZ","lng":"-110.08233","geonameId":5303297,"toponymName":"Lucy Canyon","countryId":"6252001","fcl":"T","population":0,"countryCode":"US","name":"Lucy Canyon","fclName":"mountain,hill,rock,... ","adminCodes1":{"ISO3166_2":"AZ"},"countryName":"United States","fcodeName":"valley","adminName1":"Arizona","lat":"34.09754","fcode":"VAL"},{"adminCode1":"AZ","lng":"-113.22048","geonameId":5303308,"toponymName":"Lucy Peak","countryId":"6252001","fcl":"T","population":0,"countryCode":"US","name":"Lucy Peak","fclName":"mountain,hill,rock,... ","adminCodes1":{"ISO3166_2":"AZ"},"countryName":"United States","fcodeName":"mountain","adminName1":"Arizona","lat":"34.57891","fcode":"MT"},{"adminCode1":"AZ","lng":"-112.71794","geonameId":5312910,"toponymName":"San Lucy Village","countryId":"6252001","fcl":"P","population":0,"countryCode":"US","name":"San Lucy Village","fclName":"city, village,...","adminCodes1":{"ISO3166_2":"AZ"},"countryName":"United States","fcodeName":"populated place","adminName1":"Arizona","lat":"32.96393","fcode":"PPL"},{"adminCode1":"MA","lng":"-69.97029","geonameId":4942740,"toponymName":"Lucy Point","countryId":"6252001","fcl":"T","population":0,"countryCode":"US","name":"Lucy Point","fclName":"mountain,hill,rock,... ","adminCodes1":{"ISO3166_2":"MA"},"countryName":"United States","fcodeName":"cape","adminName1":"Massachusetts","lat":"41.77789","fcode":"CAPE"},{"adminCode1":"MA","lng":"-70.72669","geonameId":4942742,"toponymName":"Lucy Vincent Beach","countryId":"6252001","fcl":"T","population":0,"countryCode":"US","name":"Lucy Vincent Beach","fclName":"mountain,hill,rock,... ","adminCodes1":{"ISO3166_2":"MA"},"countryName":"United States","fcodeName":"beach","adminName1":"Massachusetts","lat":"41.33845","fcode":"BCH"},{"adminCode1":"MO","lng":"-93.58717","geonameId":9689180,"toponymName":"Lucy Smith Hollow","countryId":"6252001","fcl":"T","population":0,"countryCode":"US","name":"Lucy Smith Hollow","fclName":"mountain,hill,rock,... ","adminCodes1":{"ISO3166_2":"MO"},"countryName":"United States","fcodeName":"valley","adminName1":"Missouri","lat":"36.5512","fcode":"VAL"},{"adminCode1":"NC","lng":"-79.91642","geonameId":4477520,"toponymName":"Lucy Ragsdale Senior High School","countryId":"6252001","fcl":"S","population":0,"countryCode":"US","name":"Lucy Ragsdale Senior High School","fclName":"spot, building, farm","adminCodes1":{"ISO3166_2":"NC"},"countryName":"United States","fcodeName":"school","adminName1":"North Carolina","lat":"35.99569","fcode":"SCH"},{"adminCode1":"GA","lng":"-83.30877","geonameId":4207080,"toponymName":"Lucy Chapel","countryId":"6252001","fcl":"S","population":0,"countryCode":"US","name":"Lucy Chapel","fclName":"spot, building, farm","adminCodes1":{"ISO3166_2":"GA"},"countryName":"United States","fcodeName":"church","adminName1":"Georgia","lat":"32.58793","fcode":"CH"},{"adminCode1":"WA","lng":"-120.32061","geonameId":5801949,"toponymName":"Lucy Canyon","countryId":"6252001","fcl":"T","population":0,"countryCode":"US","name":"Lucy Canyon","fclName":"mountain,hill,rock,... ","adminCodes1":{"ISO3166_2":"WA"},"countryName":"United States","fcodeName":"valley","adminName1":"Washington","lat":"46.09457","fcode":"VAL"},{"adminCode1":"CA","lng":"-123.53004","geonameId":5567368,"toponymName":"Lucy Gulch","countryId":"6252001","fcl":"T","population":0,"countryCode":"US","name":"Lucy Gulch","fclName":"mountain,hill,rock,... ","adminCodes1":{"ISO3166_2":"CA"},"countryName":"United States","fcodeName":"valley","adminName1":"California","lat":"40.64736","fcode":"VAL"},{"adminCode1":"CA","lng":"-119.02205","geonameId":5369215,"toponymName":"Lucy Runyon Canyon","countryId":"6252001","fcl":"T","population":0,"countryCode":"US","name":"Lucy Runyon Canyon","fclName":"mountain,hill,rock,... ","adminCodes1":{"ISO3166_2":"CA"},"countryName":"United States","fcodeName":"valley","adminName1":"California","lat":"36.57078","fcode":"VAL"},{"adminCode1":"PA","lng":"-77.88583","geonameId":5199257,"toponymName":"Lucy Furnace","countryId":"6252001","fcl":"P","population":0,"countryCode":"US","name":"Lucy Furnace","fclName":"city, village,...","adminCodes1":{"ISO3166_2":"PA"},"countryName":"United States","fcodeName":"populated place","adminName1":"Pennsylvania","lat":"40.39341","fcode":"PPL"},{"adminCode1":"AL","lng":"-86.58656","geonameId":11497475,"toponymName":"Jude–Crutcher House (historical)","countryId":"6252001","fcl":"S","population":0,"countryCode":"US","name":"George Jude House","fclName":"spot, building, farm","adminCodes1":{"ISO3166_2":"AL"},"countryName":"United States","fcodeName":"house(s)","adminName1":"Alabama","lat":"34.79363","fcode":"HSE"},{"adminCode1":"MD","lng":"-76.60498","geonameId":11980051,"toponymName":"Pen Lucy","countryId":"6252001","fcl":"P","population":0,"countryCode":"US","name":"Pen Lucy","fclName":"city, village,...","adminCodes1":{"ISO3166_2":"MD"},"countryName":"United States","fcodeName":"section of populated place","adminName1":"Maryland","lat":"39.33974","fcode":"PPLX"},{"adminCode1":"SC","lng":"-80.62622","geonameId":4585943,"toponymName":"Lucy Creek","countryId":"6252001","fcl":"P","population":0,"countryCode":"US","name":"Lucy Creek","fclName":"city, village,...","adminCodes1":{"ISO3166_2":"SC"},"countryName":"United States","fcodeName":"populated place","adminName1":"South Carolina","lat":"32.47519","fcode":"PPL"},{"adminCode1":"NC","lng":"-83.97602","geonameId":4477511,"toponymName":"Lucy Gap","countryId":"6252001","fcl":"T","population":0,"countryCode":"US","name":"Lucy Gap","fclName":"mountain,hill,rock,... ","adminCodes1":{"ISO3166_2":"NC"},"countryName":"United States","fcodeName":"gap","adminName1":"North Carolina","lat":"35.22175","fcode":"GAP"},{"adminCode1":"WV","lng":"-79.95061","geonameId":4813410,"toponymName":"Lucy Draft","countryId":"6252001","fcl":"T","population":0,"countryCode":"US","name":"Lucy Draft","fclName":"mountain,hill,rock,... ","adminCodes1":{"ISO3166_2":"WV"},"countryName":"United States","fcodeName":"valley","adminName1":"West Virginia","lat":"38.17734","fcode":"VAL"},{"adminCode1":"NM","lng":"-105.58112","geonameId":5481620,"toponymName":"North Lucy","countryId":"6252001","fcl":"P","population":0,"countryCode":"US","name":"North Lucy","fclName":"city, village,...","adminCodes1":{"ISO3166_2":"NM"},"countryName":"United States","fcodeName":"populated place","adminName1":"New Mexico","lat":"34.85728","fcode":"PPL"},{"adminCode1":"MN","lng":"-93.30867","geonameId":7185445,"toponymName":"Lucy Craft Laney Elementary School","countryId":"6252001","fcl":"S","population":0,"countryCode":"US","name":"Lucy Craft Laney Elementary School","fclName":"spot, building, farm","adminCodes1":{"ISO3166_2":"MN"},"countryName":"United States","fcodeName":"school","adminName1":"Minnesota","lat":"45.01575","fcode":"SCH"},{"adminCode1":"WI","lng":"-87.81223","geonameId":5270980,"toponymName":"Saint Lucy School","countryId":"6252001","fcl":"S","population":0,"countryCode":"US","name":"Saint Lucy School","fclName":"spot, building, farm","adminCodes1":{"ISO3166_2":"WI"},"countryName":"United States","fcodeName":"school","adminName1":"Wisconsin","lat":"42.69575","fcode":"SCH"},{"adminCode1":"MT","lng":"-112.63835","geonameId":5664056,"toponymName":"Lucy Carson Library","countryId":"6252001","fcl":"S","population":0,"countryCode":"US","name":"Lucy Carson Library","fclName":"spot, building, farm","adminCodes1":{"ISO3166_2":"MT"},"countryName":"United States","fcodeName":"library","adminName1":"Montana","lat":"45.20825","fcode":"LIBR"},{"adminCode1":"TN","lng":"-86.48333","geonameId":4638630,"toponymName":"Lucy Memorial Church","countryId":"6252001","fcl":"S","population":0,"countryCode":"US","name":"Lucy Memorial Church","fclName":"spot, building, farm","adminCodes1":{"ISO3166_2":"TN"},"countryName":"United States","fcodeName":"church","adminName1":"Tennessee","lat":"35.11286","fcode":"CH"},{"adminCode1":"OH","lng":"-84.17938","geonameId":4517219,"toponymName":"Lucy Run","countryId":"6252001","fcl":"H","population":0,"countryCode":"US","name":"Lucy Run","fclName":"stream, lake, ...","adminCodes1":{"ISO3166_2":"OH"},"countryName":"United States","fcodeName":"stream","adminName1":"Ohio","lat":"39.06062","fcode":"STM"},{"adminCode1":"AL","lng":"-87.22002","geonameId":4073934,"toponymName":"Lucy Branch","countryId":"6252001","fcl":"H","population":0,"countryCode":"US","name":"Lucy Branch","fclName":"stream, lake, ...","adminCodes1":{"ISO3166_2":"AL"},"countryName":"United States","fcodeName":"stream","adminName1":"Alabama","lat":"34.77731","fcode":"STM"},{"adminCode1":"CT","lng":"-72.7926","geonameId":4838048,"toponymName":"Lucy Brook","countryId":"6252001","fcl":"H","population":0,"countryCode":"US","name":"Lucy Brook","fclName":"stream, lake, ...","adminCodes1":{"ISO3166_2":"CT"},"countryName":"United States","fcodeName":"stream","adminName1":"Connecticut","lat":"41.86926","fcode":"STM"},{"adminCode1":"TX","lng":"-98.51589","geonameId":4708300,"toponymName":"Lucy Park Trail","countryId":"6252001","fcl":"R","population":0,"countryCode":"US","name":"Lucy Park Trail","fclName":"road, railroad ","adminCodes1":{"ISO3166_2":"TX"},"countryName":"United States","fcodeName":"trail","adminName1":"Texas","lat":"33.92037","fcode":"TRL"},{"adminCode1":"MD","lng":"-77.10362","geonameId":4361357,"toponymName":"Lucy V Barnsley Elementary School","countryId":"6252001","fcl":"S","population":0,"countryCode":"US","name":"Lucy V Barnsley Elementary School","fclName":"spot, building, farm","adminCodes1":{"ISO3166_2":"MD"},"countryName":"United States","fcodeName":"school","adminName1":"Maryland","lat":"39.09408","fcode":"SCH"},{"adminCode1":"MA","lng":"-71.07116","geonameId":4942741,"toponymName":"Lucy Stone School","countryId":"6252001","fcl":"S","population":0,"countryCode":"US","name":"Lucy Stone School","fclName":"spot, building, farm","adminCodes1":{"ISO3166_2":"MA"},"countryName":"United States","fcodeName":"school","adminName1":"Massachusetts","lat":"42.29565","fcode":"SCH"},{"adminCode1":"IL","lng":"-87.71533","geonameId":4892884,"toponymName":"Flower Career Academy High School","countryId":"6252001","fcl":"S","population":0,"countryCode":"US","name":"Flower Career Academy High School","fclName":"spot, building, farm","adminCodes1":{"ISO3166_2":"IL"},"countryName":"United States","fcodeName":"school","adminName1":"Illinois","lat":"41.88587","fcode":"SCH"},{"adminCode1":"CA","lng":"-121.94854","geonameId":5390617,"toponymName":"Saint Lucy Parish School","countryId":"6252001","fcl":"S","population":0,"countryCode":"US","name":"Saint Lucy Parish School","fclName":"spot, building, farm","adminCodes1":{"ISO3166_2":"CA"},"countryName":"United States","fcodeName":"school","adminName1":"California","lat":"37.28111","fcode":"SCH"},{"adminCode1":"NY","lng":"-73.86306","geonameId":5135517,"toponymName":"Saint Lucy School","countryId":"6252001","fcl":"S","population":0,"countryCode":"US","name":"Saint Lucy School","fclName":"spot, building, farm","adminCodes1":{"ISO3166_2":"NY"},"countryName":"United States","fcodeName":"school","adminName1":"New York","lat":"40.86278","fcode":"SCH"},{"adminCode1":"NH","lng":"-71.22785","geonameId":5089097,"toponymName":"Lucy Brook Trail","countryId":"6252001","fcl":"R","population":0,"countryCode":"US","name":"Lucy Brook Trail","fclName":"road, railroad ","adminCodes1":{"ISO3166_2":"NH"},"countryName":"United States","fcodeName":"trail","adminName1":"New Hampshire","lat":"44.0434","fcode":"TRL"},{"adminCode1":"NY","lng":"-75.0435","geonameId":5135515,"toponymName":"Saint Lucys Cemetery","countryId":"6252001","fcl":"S","population":0,"countryCode":"US","name":"Saint Lucys Cemetery","fclName":"spot, building, farm","adminCodes1":{"ISO3166_2":"NY"},"countryName":"United States","fcodeName":"cemetery","adminName1":"New York","lat":"41.65592","fcode":"CMTY"},{"adminCode1":"GA","lng":"-81.98178","geonameId":4204976,"toponymName":"Laney High School","countryId":"6252001","fcl":"S","population":0,"countryCode":"US","name":"Laney High School","fclName":"spot, building, farm","adminCodes1":{"ISO3166_2":"GA"},"countryName":"United States","fcodeName":"school","adminName1":"Georgia","lat":"33.46764","fcode":"SCH"},{"adminCode1":"MS","lng":"-91.05927","geonameId":4450487,"toponymName":"Webb School","countryId":"6252001","fcl":"S","population":0,"countryCode":"US","name":"Webb School","fclName":"spot, building, farm","adminCodes1":{"ISO3166_2":"MS"},"countryName":"United States","fcodeName":"school","adminName1":"Mississippi","lat":"33.40067","fcode":"SCH"},{"adminCode1":"AL","lng":"-87.8117","geonameId":4084684,"toponymName":"Pounders-Quinn Cemetery","countryId":"6252001","fcl":"S","population":0,"countryCode":"US","name":"Pounders-Quinn Cemetery","fclName":"spot, building, farm","adminCodes1":{"ISO3166_2":"AL"},"countryName":"United States","fcodeName":"cemetery","adminName1":"Alabama","lat":"34.41454","fcode":"CMTY"},{"adminCode1":"UT","lng":"-111.41602","geonameId":5544089,"toponymName":"North Fork Thistle Creek","countryId":"6252001","fcl":"H","population":0,"countryCode":"US","name":"North Fork Thistle Creek","fclName":"stream, lake, ...","adminCodes1":{"ISO3166_2":"UT"},"countryName":"United States","fcodeName":"stream","adminName1":"Utah","lat":"39.8069","fcode":"STM"},{"adminCode1":"CA","lng":"-119.67375","geonameId":5390615,"toponymName":"Saint Lucys Catholic Church","countryId":"6252001","fcl":"S","population":0,"countryCode":"US","name":"Saint Lucys Catholic Church","fclName":"spot, building, farm","adminCodes1":{"ISO3166_2":"CA"},"countryName":"United States","fcodeName":"church","adminName1":"California","lat":"36.62689","fcode":"CH"},{"adminCode1":"CT","lng":"-73.02677","geonameId":4842195,"toponymName":"Saint Lucys Church","countryId":"6252001","fcl":"S","population":0,"countryCode":"US","name":"Saint Lucys Church","fclName":"spot, building, farm","adminCodes1":{"ISO3166_2":"CT"},"countryName":"United States","fcodeName":"church","adminName1":"Connecticut","lat":"41.56371","fcode":"CH"},{"adminCode1":"GA","lng":"-84.8182","geonameId":4204555,"toponymName":"Lake Lucy","countryId":"6252001","fcl":"H","population":0,"countryCode":"US","name":"Lake Lucy","fclName":"stream, lake, ...","adminCodes1":{"ISO3166_2":"GA"},"countryName":"United States","fcodeName":"reservoir(s)","adminName1":"Georgia","lat":"32.67613","fcode":"RSV"},{"adminCode1":"GA","lng":"-84.81771","geonameId":4204556,"toponymName":"Lake Lucy Dam","countryId":"6252001","fcl":"S","population":0,"countryCode":"US","name":"Lake Lucy Dam","fclName":"spot, building, farm","adminCodes1":{"ISO3166_2":"GA"},"countryName":"United States","fcodeName":"dam","adminName1":"Georgia","lat":"32.67486","fcode":"DAM"},{"adminCode1":"GA","lng":"-83.85991","geonameId":4207081,"toponymName":"Lucy Giles Dam","countryId":"6252001","fcl":"S","population":0,"countryCode":"US","name":"Lucy Giles Dam","fclName":"spot, building, farm","adminCodes1":{"ISO3166_2":"GA"},"countryName":"United States","fcodeName":"dam","adminName1":"Georgia","lat":"32.49348","fcode":"DAM"},{"adminCode1":"GA","lng":"-83.85795","geonameId":4207082,"toponymName":"Lucy Giles Lake","countryId":"6252001","fcl":"H","population":0,"countryCode":"US","name":"Lucy Giles Lake","fclName":"stream, lake, ...","adminCodes1":{"ISO3166_2":"GA"},"countryName":"United States","fcodeName":"reservoir(s)","adminName1":"Georgia","lat":"32.49503","fcode":"RSV"},{"adminCode1":"SC","lng":"-80.60594","geonameId":4591720,"toponymName":"Point Creek","countryId":"6252001","fcl":"H","population":0,"countryCode":"US","name":"Point Creek","fclName":"stream, lake, ...","adminCodes1":{"ISO3166_2":"SC"},"countryName":"United States","fcodeName":"stream","adminName1":"South Carolina","lat":"32.44547","fcode":"STM"},{"adminCode1":"OR","lng":"-120.59281","geonameId":5738478,"toponymName":"Lucy Payne Spring","countryId":"6252001","fcl":"H","population":0,"countryCode":"US","name":"Lucy Payne Spring","fclName":"stream, lake, ...","adminCodes1":{"ISO3166_2":"OR"},"countryName":"United States","fcodeName":"spring(s)","adminName1":"Oregon","lat":"45.33351","fcode":"SPNG"},{"adminCode1":"MT","lng":"-110.72188","geonameId":5664059,"toponymName":"Lucy Creek","countryId":"6252001","fcl":"H","population":0,"countryCode":"US","name":"Lucy Creek","fclName":"stream, lake, ...","adminCodes1":{"ISO3166_2":"MT"},"countryName":"United States","fcodeName":"stream","adminName1":"Montana","lat":"46.96385","fcode":"STM"},{"adminCode1":"MT","lng":"-114.66901","geonameId":5664060,"toponymName":"Lucy Ellen Mine","countryId":"6252001","fcl":"S","population":0,"countryCode":"US","name":"Lucy Ellen Mine","fclName":"spot, building, farm","adminCodes1":{"ISO3166_2":"MT"},"countryName":"United States","fcodeName":"mine(s)","adminName1":"Montana","lat":"47.13131","fcode":"MN"},{"adminCode1":"ID","lng":"-116.90042","geonameId":5599797,"toponymName":"Lucy Lee Lateral","countryId":"6252001","fcl":"H","population":0,"countryCode":"US","name":"Lucy Lee Lateral","fclName":"stream, lake, ...","adminCodes1":{"ISO3166_2":"ID"},"countryName":"United States","fcodeName":"canal","adminName1":"Idaho","lat":"43.61238","fcode":"CNL"},{"adminCode1":"WY","lng":"-107.03895","geonameId":5831300,"toponymName":"Lucy Dam","countryId":"6252001","fcl":"S","population":0,"countryCode":"US","name":"Lucy Dam","fclName":"spot, building, farm","adminCodes1":{"ISO3166_2":"WY"},"countryName":"United States","fcodeName":"dam","adminName1":"Wyoming","lat":"43.29663","fcode":"DAM"},{"adminCode1":"WY","lng":"-105.35582","geonameId":5831301,"toponymName":"Lucy Ranch","countryId":"6252001","fcl":"S","population":0,"countryCode":"US","name":"Lucy Ranch","fclName":"spot, building, farm","adminCodes1":{"ISO3166_2":"WY"},"countryName":"United States","fcodeName":"","adminName1":"Wyoming","lat":"41.75914"},{"adminCode1":"WY","lng":"-107.03895","geonameId":5831302,"toponymName":"Lucy Reservoir","countryId":"6252001","fcl":"H","population":0,"countryCode":"US","name":"Lucy Reservoir","fclName":"stream, lake, ...","adminCodes1":{"ISO3166_2":"WY"},"countryName":"United States","fcodeName":"reservoir(s)","adminName1":"Wyoming","lat":"43.29663","fcode":"RSV"},{"adminCode1":"AL","lng":"-85.09805","geonameId":7136253,"toponymName":"Lucy Volunteer Fire Department","countryId":"6252001","fcl":"S","population":0,"countryCode":"US","name":"Lucy Volunteer Fire Department","fclName":"spot, building, farm","adminCodes1":{"ISO3166_2":"AL"},"countryName":"United States","fcodeName":"building(s)","adminName1":"Alabama","lat":"31.03539","fcode":"BLDG"}]}
