{"totalResultsCount":1302,"geonames":[{"adminCode1":"KY","lng":"-84.01533","geonameId":4302564,"toponymName":"Nicholas County","countryId":"6252001","fcl":"A","population":7135,"countryCode":"US","name":"Nicholas","fclName":"country, state, region,...","adminCodes1":{"ISO3166_2":"KY"},"countryName":"United States","fcodeName":"second-order administrative division","adminName1":"Kentucky","lat":"38.3356","fcode":"ADM2"},{"adminCode1":"KY","lng":"-84.02743","geonameId":4286981,"toponymName":"Carlisle","countryId":"6252001","fcl":"P","population":2010,"countryCode":"US","name":"Carlisle","fclName":"city, village,...","adminCodes1":{"ISO3166_2":"KY"},"countryName":"United States","fcodeName":"seat of a second-order administrative division","adminName1":"Kentucky","lat":"38.31202","fcode":"PPLA2"},{"adminCode1":"KY","lng":"-83.99465","geonameId":4284932,"toponymName":"Blue Licks Battlefield State Park","countryId":"6252001","fcl":"L","population":0,"countryCode":"US","name":"Blue Licks Battlefield State Park","fclName":"parks,area, ...","adminCodes1":{"ISO3166_2":"KY"},"countryName":"United States","fcodeName":"park","adminName1":"Kentucky","lat":"38.42841","fcode":"PRK"},{"adminCode1":"WV","lng":"-80.79933","geonameId":4816620,"toponymName":"Nicholas County","countryId":"6252001","fcl":"A","population":26233,"countryCode":"US","name":"Nicholas","fclName":"country, state, region,...","adminCodes1":{"ISO3166_2":"WV"},"countryName":"United States","fcodeName":"second-order administrative division","adminName1":"West Virginia","lat":"38.2917","fcode":"ADM2"},{"adminCode1":"KY","lng":"-83.93104","geonameId":4301284,"toponymName":"Moorefield","countryId":"6252001","fcl":"P","population":0,"countryCode":"US","name":"Moorefield","fclName":"city, village,...","adminCodes1":{"ISO3166_2":"KY"},"countryName":"United States","fcodeName":"populated place","adminName1":"Kentucky","lat":"38.27313","fcode":"PPL"},{"adminCode1":"WV","lng":"-80.53314","geonameId":4819768,"toponymName":"Richwood","countryId":"6252001","fcl":"P","population":1980,"countryCode":"US","name":"Richwood","fclName":"city, village,...","adminCodes1":{"ISO3166_2":"WV"},"countryName":"United States","fcodeName":"populated place","adminName1":"West Virginia","lat":"38.22484","fcode":"PPL"},{"adminCode1":"WV","lng":"-80.65315","geonameId":4803183,"toponymName":"Craigsville","countryId":"6252001","fcl":"P","population":2213,"countryCode":"US","name":"Craigsville","fclName":"city, village,...","adminCodes1":{"ISO3166_2":"WV"},"countryName":"United States","fcodeName":"populated place","adminName1":"West Virginia","lat":"38.33067","fcode":"PPL"},{"adminCode1":"WV","lng":"-80.8526","geonameId":4824027,"toponymName":"Summersville","countryId":"6252001","fcl":"P","population":3478,"countryCode":"US","name":"Summersville","fclName":"city, village,...","adminCodes1":{"ISO3166_2":"WV"},"countryName":"United States","fcodeName":"seat of a second-order administrative division","adminName1":"West Virginia","lat":"38.28122","fcode":"PPLA2"},{"adminCode1":"KY","lng":"-83.88659","geonameId":4309340,"toponymName":"Sprout","countryId":"6252001","fcl":"P","population":0,"countryCode":"US","name":"Sprout","fclName":"city, village,...","adminCodes1":{"ISO3166_2":"KY"},"countryName":"United States","fcodeName":"populated place","adminName1":"Kentucky","lat":"38.30202","fcode":"PPL"},{"adminCode1":"KY","lng":"-84.14771","geonameId":4301352,"toponymName":"Morning Glory","countryId":"6252001","fcl":"P","population":0,"countryCode":"US","name":"Morning Glory","fclName":"city, village,...","adminCodes1":{"ISO3166_2":"KY"},"countryName":"United States","fcodeName":"populated place","adminName1":"Kentucky","lat":"38.40063","fcode":"PPL"},{"adminCode1":"KY","lng":"-83.95326","geonameId":4302077,"toponymName":"Myers","countryId":"6252001","fcl":"P","population":0,"countryCode":"US","name":"Myers","fclName":"city, village,...","adminCodes1":{"ISO3166_2":"KY"},"countryName":"United States","fcodeName":"populated place","adminName1":"Kentucky","lat":"38.35091","fcode":"PPL"},{"adminCode1":"KY","lng":"-83.98048","geonameId":4290789,"toponymName":"East Union","countryId":"6252001","fcl":"P","population":0,"countryCode":"US","name":"East Union","fclName":"city, village,...","adminCodes1":{"ISO3166_2":"KY"},"countryName":"United States","fcodeName":"populated place","adminName1":"Kentucky","lat":"38.24008","fcode":"PPL"},{"adminCode1":"KY","lng":"-84.11687","geonameId":4283143,"toponymName":"Barefoot","countryId":"6252001","fcl":"P","population":0,"countryCode":"US","name":"Barefoot","fclName":"city, village,...","adminCodes1":{"ISO3166_2":"KY"},"countryName":"United States","fcodeName":"populated place","adminName1":"Kentucky","lat":"38.42369","fcode":"PPL"},{"adminCode1":"KY","lng":"-84.06882","geonameId":4283294,"toponymName":"Barterville","countryId":"6252001","fcl":"P","population":0,"countryCode":"US","name":"Barterville","fclName":"city, village,...","adminCodes1":{"ISO3166_2":"KY"},"countryName":"United States","fcodeName":"populated place","adminName1":"Kentucky","lat":"38.37896","fcode":"PPL"},{"adminCode1":"KY","lng":"-84.11437","geonameId":4294416,"toponymName":"Headquarters","countryId":"6252001","fcl":"P","population":0,"countryCode":"US","name":"Headquarters","fclName":"city, village,...","adminCodes1":{"ISO3166_2":"KY"},"countryName":"United States","fcodeName":"populated place","adminName1":"Kentucky","lat":"38.35841","fcode":"PPL"},{"adminCode1":"KY","lng":"-84.1516","geonameId":4295188,"toponymName":"Hooktown","countryId":"6252001","fcl":"P","population":0,"countryCode":"US","name":"Hooktown","fclName":"city, village,...","adminCodes1":{"ISO3166_2":"KY"},"countryName":"United States","fcodeName":"populated place","adminName1":"Kentucky","lat":"38.35452","fcode":"PPL"},{"adminCode1":"KY","lng":"-83.85659","geonameId":4311776,"toponymName":"Upper Blue Licks","countryId":"6252001","fcl":"P","population":0,"countryCode":"US","name":"Upper Blue Licks","fclName":"city, village,...","adminCodes1":{"ISO3166_2":"KY"},"countryName":"United States","fcodeName":"populated place","adminName1":"Kentucky","lat":"38.33202","fcode":"PPL"},{"adminCode1":"WV","lng":"-80.93566","geonameId":4810846,"toponymName":"Keslers Cross Lanes","countryId":"6252001","fcl":"P","population":0,"countryCode":"US","name":"Keslers Cross Lanes","fclName":"city, village,...","adminCodes1":{"ISO3166_2":"WV"},"countryName":"United States","fcodeName":"populated place","adminName1":"West Virginia","lat":"38.23539","fcode":"PPL"},{"adminCode1":"WV","lng":"-80.93954","geonameId":4801471,"toponymName":"Carnifex Ferry Battlefield State Park","countryId":"6252001","fcl":"L","population":0,"countryCode":"US","name":"Carnifex Ferry Battlefield State Park","fclName":"parks,area, ...","adminCodes1":{"ISO3166_2":"WV"},"countryName":"United States","fcodeName":"park","adminName1":"West Virginia","lat":"38.209","fcode":"PRK"},{"adminCode1":"AK","lng":"-151.25833","geonameId":5866063,"toponymName":"Kenai","countryId":"6252001","fcl":"P","population":7661,"countryCode":"US","name":"Kenai","fclName":"city, village,...","adminCodes1":{"ISO3166_2":"AK"},"countryName":"United States","fcodeName":"populated place","adminName1":"Alaska","lat":"60.55444","fcode":"PPL"},{"adminCode1":"WV","lng":"-80.83149","geonameId":4816623,"toponymName":"Nicholas County Veterans Memorial Park","countryId":"6252001","fcl":"L","population":0,"countryCode":"US","name":"Nicholas County Veterans Memorial Park","fclName":"parks,area, ...","adminCodes1":{"ISO3166_2":"WV"},"countryName":"United States","fcodeName":"park","adminName1":"West Virginia","lat":"38.31511","fcode":"PRK"},{"adminCode1":"KY","lng":"-84.0332","geonameId":7169716,"toponymName":"City of Carlisle","countryId":"6252001","fcl":"A","population":2010,"countryCode":"US","name":"City of Carlisle","fclName":"country, state, region,...","adminCodes1":{"ISO3166_2":"KY"},"countryName":"United States","fcodeName":"third-order administrative division","adminName1":"Kentucky","lat":"38.31638","fcode":"ADM3"},{"adminCode1":"KY","lng":"-83.89718","geonameId":7248370,"toponymName":"Clay Wildlife Management Area","countryId":"6252001","fcl":"L","population":0,"countryCode":"US","name":"Clay Wildlife Management Area","fclName":"parks,area, ...","adminCodes1":{"ISO3166_2":"KY"},"countryName":"United States","fcodeName":"park","adminName1":"Kentucky","lat":"38.33923","fcode":"PRK"},{"adminCode1":"WV","lng":"-81.19205","geonameId":4798597,"toponymName":"Belva","countryId":"6252001","fcl":"P","population":95,"countryCode":"US","name":"Belva","fclName":"city, village,...","adminCodes1":{"ISO3166_2":"WV"},"countryName":"United States","fcodeName":"populated place","adminName1":"West Virginia","lat":"38.23122","fcode":"PPL"},{"adminCode1":"CA","lng":"-119.45278","geonameId":6298771,"toponymName":"San Nicholas Island","countryId":"6252001","fcl":"S","population":0,"countryCode":"US","name":"San Nicholas Island","fclName":"spot, building, farm","adminCodes1":{"ISO3166_2":"CA"},"countryName":"United States","fcodeName":"airport","adminName1":"California","lat":"33.23472","fcode":"AIRP"},{"adminCode1":"WV","lng":"-80.91176","geonameId":4815628,"toponymName":"Mount Lookout","countryId":"6252001","fcl":"P","population":0,"countryCode":"US","name":"Mount Lookout","fclName":"city, village,...","adminCodes1":{"ISO3166_2":"WV"},"countryName":"United States","fcodeName":"populated place","adminName1":"West Virginia","lat":"38.16678","fcode":"PPL"},{"adminCode1":"WV","lng":"-80.68593","geonameId":4816433,"toponymName":"Nettie","countryId":"6252001","fcl":"P","population":568,"countryCode":"US","name":"Nettie","fclName":"city, village,...","adminCodes1":{"ISO3166_2":"WV"},"countryName":"United States","fcodeName":"populated place","adminName1":"West Virginia","lat":"38.21845","fcode":"PPL"},{"adminCode1":"WV","lng":"-80.86426","geonameId":4818840,"toponymName":"Pool","countryId":"6252001","fcl":"P","population":0,"countryCode":"US","name":"Pool","fclName":"city, village,...","adminCodes1":{"ISO3166_2":"WV"},"countryName":"United States","fcodeName":"populated place","adminName1":"West Virginia","lat":"38.16372","fcode":"PPL"},{"adminCode1":"WV","lng":"-81.12788","geonameId":4824197,"toponymName":"Swiss","countryId":"6252001","fcl":"P","population":0,"countryCode":"US","name":"Swiss","fclName":"city, village,...","adminCodes1":{"ISO3166_2":"WV"},"countryName":"United States","fcodeName":"populated place","adminName1":"West Virginia","lat":"38.23316","fcode":"PPL"},{"adminCode1":"WV","lng":"-80.6562","geonameId":4824788,"toponymName":"Tioga","countryId":"6252001","fcl":"P","population":98,"countryCode":"US","name":"Tioga","fclName":"city, village,...","adminCodes1":{"ISO3166_2":"WV"},"countryName":"United States","fcodeName":"populated place","adminName1":"West Virginia","lat":"38.42039","fcode":"PPL"},{"adminCode1":"WV","lng":"-80.69092","geonameId":4811930,"toponymName":"Leivasy","countryId":"6252001","fcl":"P","population":0,"countryCode":"US","name":"Leivasy","fclName":"city, village,...","adminCodes1":{"ISO3166_2":"WV"},"countryName":"United States","fcodeName":"populated place","adminName1":"West Virginia","lat":"38.16123","fcode":"PPL"},{"adminCode1":"WV","lng":"-80.71454","geonameId":4801128,"toponymName":"Calvin","countryId":"6252001","fcl":"P","population":0,"countryCode":"US","name":"Calvin","fclName":"city, village,...","adminCodes1":{"ISO3166_2":"WV"},"countryName":"United States","fcodeName":"populated place","adminName1":"West Virginia","lat":"38.33678","fcode":"PPL"},{"adminCode1":"WV","lng":"-80.77426","geonameId":4801394,"toponymName":"Canvas","countryId":"6252001","fcl":"P","population":0,"countryCode":"US","name":"Canvas","fclName":"city, village,...","adminCodes1":{"ISO3166_2":"WV"},"countryName":"United States","fcodeName":"populated place","adminName1":"West Virginia","lat":"38.26844","fcode":"PPL"},{"adminCode1":"WV","lng":"-81.19316","geonameId":4804130,"toponymName":"Dixie","countryId":"6252001","fcl":"P","population":291,"countryCode":"US","name":"Dixie","fclName":"city, village,...","adminCodes1":{"ISO3166_2":"WV"},"countryName":"United States","fcodeName":"populated place","adminName1":"West Virginia","lat":"38.25094","fcode":"PPL"},{"adminCode1":"WV","lng":"-80.93649","geonameId":4806934,"toponymName":"Gilboa","countryId":"6252001","fcl":"P","population":0,"countryCode":"US","name":"Gilboa","fclName":"city, village,...","adminCodes1":{"ISO3166_2":"WV"},"countryName":"United States","fcodeName":"populated place","adminName1":"West Virginia","lat":"38.30344","fcode":"PPL"},{"adminCode1":"WV","lng":"-80.7551","geonameId":4799363,"toponymName":"Birch River","countryId":"6252001","fcl":"P","population":107,"countryCode":"US","name":"Birch River","fclName":"city, village,...","adminCodes1":{"ISO3166_2":"WV"},"countryName":"United States","fcodeName":"populated place","adminName1":"West Virginia","lat":"38.49871","fcode":"PPL"},{"adminCode1":"WV","lng":"-80.99816","geonameId":4829364,"toponymName":"Drennen","countryId":"6252001","fcl":"P","population":0,"countryCode":"US","name":"Drennen","fclName":"city, village,...","adminCodes1":{"ISO3166_2":"WV"},"countryName":"United States","fcodeName":"populated place","adminName1":"West Virginia","lat":"38.27066","fcode":"PPL"},{"adminCode1":"WV","lng":"-80.58231","geonameId":4829370,"toponymName":"Fenwick","countryId":"6252001","fcl":"P","population":116,"countryCode":"US","name":"Fenwick","fclName":"city, village,...","adminCodes1":{"ISO3166_2":"WV"},"countryName":"United States","fcodeName":"populated place","adminName1":"West Virginia","lat":"38.22872","fcode":"PPL"},{"adminCode1":"WV","lng":"-80.59703","geonameId":4047140,"toponymName":"Saxman","countryId":"6252001","fcl":"P","population":0,"countryCode":"US","name":"Saxman","fclName":"city, village,...","adminCodes1":{"ISO3166_2":"WV"},"countryName":"United States","fcodeName":"populated place","adminName1":"West Virginia","lat":"38.20984","fcode":"PPL"},{"adminCode1":"WV","lng":"-80.8026","geonameId":4815384,"toponymName":"Morris","countryId":"6252001","fcl":"P","population":0,"countryCode":"US","name":"Morris","fclName":"city, village,...","adminCodes1":{"ISO3166_2":"WV"},"countryName":"United States","fcodeName":"populated place","adminName1":"West Virginia","lat":"38.50594","fcode":"PPL"},{"adminCode1":"WV","lng":"-80.8276","geonameId":4816102,"toponymName":"Muddlety","countryId":"6252001","fcl":"P","population":0,"countryCode":"US","name":"Muddlety","fclName":"city, village,...","adminCodes1":{"ISO3166_2":"WV"},"countryName":"United States","fcodeName":"populated place","adminName1":"West Virginia","lat":"38.36733","fcode":"PPL"},{"adminCode1":"WV","lng":"-80.71343","geonameId":4817087,"toponymName":"Odell Town","countryId":"6252001","fcl":"P","population":0,"countryCode":"US","name":"Odell Town","fclName":"city, village,...","adminCodes1":{"ISO3166_2":"WV"},"countryName":"United States","fcodeName":"populated place","adminName1":"West Virginia","lat":"38.19789","fcode":"PPL"},{"adminCode1":"WV","lng":"-80.75204","geonameId":4817982,"toponymName":"Persinger","countryId":"6252001","fcl":"P","population":0,"countryCode":"US","name":"Persinger","fclName":"city, village,...","adminCodes1":{"ISO3166_2":"WV"},"countryName":"United States","fcodeName":"populated place","adminName1":"West Virginia","lat":"38.32205","fcode":"PPL"},{"adminCode1":"WV","lng":"-80.96593","geonameId":4818723,"toponymName":"Poe","countryId":"6252001","fcl":"P","population":0,"countryCode":"US","name":"Poe","fclName":"city, village,...","adminCodes1":{"ISO3166_2":"WV"},"countryName":"United States","fcodeName":"populated place","adminName1":"West Virginia","lat":"38.25205","fcode":"PPL"},{"adminCode1":"WV","lng":"-80.64872","geonameId":4819774,"toponymName":"Richwood Municipal Airport","countryId":"6252001","fcl":"S","population":0,"countryCode":"US","name":"Richwood Municipal Airport","fclName":"spot, building, farm","adminCodes1":{"ISO3166_2":"WV"},"countryName":"United States","fcodeName":"airport","adminName1":"West Virginia","lat":"38.25786","fcode":"AIRP"},{"adminCode1":"WV","lng":"-80.85121","geonameId":4820816,"toponymName":"Runa","countryId":"6252001","fcl":"P","population":0,"countryCode":"US","name":"Runa","fclName":"city, village,...","adminCodes1":{"ISO3166_2":"WV"},"countryName":"United States","fcodeName":"populated place","adminName1":"West Virginia","lat":"38.14289","fcode":"PPL"},{"adminCode1":"WV","lng":"-80.86829","geonameId":4823994,"toponymName":"Summersville Airport","countryId":"6252001","fcl":"S","population":0,"countryCode":"US","name":"Summersville Airport","fclName":"spot, building, farm","adminCodes1":{"ISO3166_2":"WV"},"countryName":"United States","fcodeName":"airport","adminName1":"West Virginia","lat":"38.23284","fcode":"AIRP"},{"adminCode1":"WV","lng":"-80.78399","geonameId":4824004,"toponymName":"Summersville Lake Wildlife Management Area","countryId":"6252001","fcl":"L","population":0,"countryCode":"US","name":"Summersville Lake Wildlife Management Area","fclName":"parks,area, ...","adminCodes1":{"ISO3166_2":"WV"},"countryName":"United States","fcodeName":"park","adminName1":"West Virginia","lat":"38.28844","fcode":"PRK"},{"adminCode1":"WV","lng":"-80.69092","geonameId":4824798,"toponymName":"Tolbert","countryId":"6252001","fcl":"P","population":0,"countryCode":"US","name":"Tolbert","fclName":"city, village,...","adminCodes1":{"ISO3166_2":"WV"},"countryName":"United States","fcodeName":"populated place","adminName1":"West Virginia","lat":"38.19678","fcode":"PPL"},{"adminCode1":"WV","lng":"-80.80176","geonameId":4811035,"toponymName":"Kirkwood","countryId":"6252001","fcl":"P","population":0,"countryCode":"US","name":"Kirkwood","fclName":"city, village,...","adminCodes1":{"ISO3166_2":"WV"},"countryName":"United States","fcodeName":"populated place","adminName1":"West Virginia","lat":"38.35066","fcode":"PPL"},{"adminCode1":"WV","lng":"-80.55898","geonameId":4811172,"toponymName":"LaFrank","countryId":"6252001","fcl":"P","population":0,"countryCode":"US","name":"LaFrank","fclName":"city, village,...","adminCodes1":{"ISO3166_2":"WV"},"countryName":"United States","fcodeName":"populated place","adminName1":"West Virginia","lat":"38.21873","fcode":"PPL"},{"adminCode1":"WV","lng":"-81.03483","geonameId":4812815,"toponymName":"Lockwood","countryId":"6252001","fcl":"P","population":0,"countryCode":"US","name":"Lockwood","fclName":"city, village,...","adminCodes1":{"ISO3166_2":"WV"},"countryName":"United States","fcodeName":"populated place","adminName1":"West Virginia","lat":"38.25955","fcode":"PPL"},{"adminCode1":"WV","lng":"-80.77676","geonameId":4800309,"toponymName":"Bruce","countryId":"6252001","fcl":"P","population":0,"countryCode":"US","name":"Bruce","fclName":"city, village,...","adminCodes1":{"ISO3166_2":"WV"},"countryName":"United States","fcodeName":"populated place","adminName1":"West Virginia","lat":"38.16317","fcode":"PPL"},{"adminCode1":"WV","lng":"-81.19955","geonameId":4801138,"toponymName":"Cambria","countryId":"6252001","fcl":"P","population":0,"countryCode":"US","name":"Cambria","fclName":"city, village,...","adminCodes1":{"ISO3166_2":"WV"},"countryName":"United States","fcodeName":"populated place","adminName1":"West Virginia","lat":"38.26538","fcode":"PPL"},{"adminCode1":"WV","lng":"-80.68453","geonameId":4801449,"toponymName":"Carl","countryId":"6252001","fcl":"P","population":0,"countryCode":"US","name":"Carl","fclName":"city, village,...","adminCodes1":{"ISO3166_2":"WV"},"countryName":"United States","fcodeName":"populated place","adminName1":"West Virginia","lat":"38.11067","fcode":"PPL"},{"adminCode1":"WV","lng":"-80.55453","geonameId":4802627,"toponymName":"Coe","countryId":"6252001","fcl":"P","population":0,"countryCode":"US","name":"Coe","fclName":"city, village,...","adminCodes1":{"ISO3166_2":"WV"},"countryName":"United States","fcodeName":"populated place","adminName1":"West Virginia","lat":"38.32594","fcode":"PPL"},{"adminCode1":"WV","lng":"-80.62648","geonameId":4803015,"toponymName":"Cottle","countryId":"6252001","fcl":"P","population":0,"countryCode":"US","name":"Cottle","fclName":"city, village,...","adminCodes1":{"ISO3166_2":"WV"},"countryName":"United States","fcodeName":"populated place","adminName1":"West Virginia","lat":"38.3465","fcode":"PPL"},{"adminCode1":"WV","lng":"-80.64704","geonameId":4803019,"toponymName":"Cottle Knob","countryId":"6252001","fcl":"T","population":0,"countryCode":"US","name":"Cottle Knob","fclName":"mountain,hill,rock,... ","adminCodes1":{"ISO3166_2":"WV"},"countryName":"United States","fcodeName":"mountain","adminName1":"West Virginia","lat":"38.36039","fcode":"MT"},{"adminCode1":"WV","lng":"-80.70926","geonameId":4804223,"toponymName":"Donald","countryId":"6252001","fcl":"P","population":0,"countryCode":"US","name":"Donald","fclName":"city, village,...","adminCodes1":{"ISO3166_2":"WV"},"countryName":"United States","fcodeName":"populated place","adminName1":"West Virginia","lat":"38.26567","fcode":"PPL"},{"adminCode1":"WV","lng":"-80.89677","geonameId":4805212,"toponymName":"Enon","countryId":"6252001","fcl":"P","population":0,"countryCode":"US","name":"Enon","fclName":"city, village,...","adminCodes1":{"ISO3166_2":"WV"},"countryName":"United States","fcodeName":"populated place","adminName1":"West Virginia","lat":"38.30955","fcode":"PPL"},{"adminCode1":"WV","lng":"-80.6987","geonameId":4807571,"toponymName":"Green Valley","countryId":"6252001","fcl":"P","population":0,"countryCode":"US","name":"Green Valley","fclName":"city, village,...","adminCodes1":{"ISO3166_2":"WV"},"countryName":"United States","fcodeName":"populated place","adminName1":"West Virginia","lat":"38.09956","fcode":"PPL"},{"adminCode1":"WV","lng":"-80.60092","geonameId":4809045,"toponymName":"Holcomb","countryId":"6252001","fcl":"P","population":0,"countryCode":"US","name":"Holcomb","fclName":"city, village,...","adminCodes1":{"ISO3166_2":"WV"},"countryName":"United States","fcodeName":"populated place","adminName1":"West Virginia","lat":"38.25622","fcode":"PPL"},{"adminCode1":"WV","lng":"-80.7187","geonameId":4809153,"toponymName":"Hominy Falls","countryId":"6252001","fcl":"P","population":0,"countryCode":"US","name":"Hominy Falls","fclName":"city, village,...","adminCodes1":{"ISO3166_2":"WV"},"countryName":"United States","fcodeName":"populated place","adminName1":"West Virginia","lat":"38.14539","fcode":"PPL"},{"adminCode1":"WV","lng":"-80.80968","geonameId":4809181,"toponymName":"Hookersville","countryId":"6252001","fcl":"P","population":0,"countryCode":"US","name":"Hookersville","fclName":"city, village,...","adminCodes1":{"ISO3166_2":"WV"},"countryName":"United States","fcodeName":"populated place","adminName1":"West Virginia","lat":"38.38569","fcode":"PPL"},{"adminCode1":"WV","lng":"-80.61148","geonameId":4797131,"toponymName":"Allingdale","countryId":"6252001","fcl":"P","population":0,"countryCode":"US","name":"Allingdale","fclName":"city, village,...","adminCodes1":{"ISO3166_2":"WV"},"countryName":"United States","fcodeName":"populated place","adminName1":"West Virginia","lat":"38.35733","fcode":"PPL"},{"adminCode1":"WV","lng":"-81.19094","geonameId":4798673,"toponymName":"Bentree","countryId":"6252001","fcl":"P","population":0,"countryCode":"US","name":"Bentree","fclName":"city, village,...","adminCodes1":{"ISO3166_2":"WV"},"countryName":"United States","fcodeName":"populated place","adminName1":"West Virginia","lat":"38.28372","fcode":"PPL"},{"adminCode1":"WV","lng":"-81.14455","geonameId":4825903,"toponymName":"Vaughan","countryId":"6252001","fcl":"P","population":0,"countryCode":"US","name":"Vaughan","fclName":"city, village,...","adminCodes1":{"ISO3166_2":"WV"},"countryName":"United States","fcodeName":"populated place","adminName1":"West Virginia","lat":"38.27844","fcode":"PPL"},{"adminCode1":"WV","lng":"-80.75399","geonameId":4826716,"toponymName":"Werth","countryId":"6252001","fcl":"P","population":0,"countryCode":"US","name":"Werth","fclName":"city, village,...","adminCodes1":{"ISO3166_2":"WV"},"countryName":"United States","fcodeName":"populated place","adminName1":"West Virginia","lat":"38.35511","fcode":"PPL"},{"adminCode1":"WV","lng":"-80.61453","geonameId":4827717,"toponymName":"Woodbine","countryId":"6252001","fcl":"P","population":0,"countryCode":"US","name":"Woodbine","fclName":"city, village,...","adminCodes1":{"ISO3166_2":"WV"},"countryName":"United States","fcodeName":"populated place","adminName1":"West Virginia","lat":"38.29872","fcode":"PPL"},{"adminCode1":"WV","lng":"-80.78871","geonameId":4827947,"toponymName":"Young Monument","countryId":"6252001","fcl":"L","population":0,"countryCode":"US","name":"Young Monument","fclName":"parks,area, ...","adminCodes1":{"ISO3166_2":"WV"},"countryName":"United States","fcodeName":"park","adminName1":"West Virginia","lat":"38.44594","fcode":"PRK"},{"adminCode1":"WV","lng":"-80.94982","geonameId":4828014,"toponymName":"Zela","countryId":"6252001","fcl":"P","population":0,"countryCode":"US","name":"Zela","fclName":"city, village,...","adminCodes1":{"ISO3166_2":"WV"},"countryName":"United States","fcodeName":"populated place","adminName1":"West Virginia","lat":"38.28594","fcode":"PPL"},{"adminCode1":"AK","lng":"-133.66583","geonameId":5556898,"toponymName":"Saint Nicholas Point","countryId":"6252001","fcl":"T","population":0,"countryCode":"US","name":"Saint Nicholas Point","fclName":"mountain,hill,rock,... ","adminCodes1":{"ISO3166_2":"AK"},"countryName":"United States","fcodeName":"cape","adminName1":"Alaska","lat":"55.44306","fcode":"CAPE"},{"adminCode1":"VA","lng":"-78.46723","geonameId":4776103,"toponymName":"Nicholas","countryId":"6252001","fcl":"P","population":0,"countryCode":"US","name":"Nicholas","fclName":"city, village,...","adminCodes1":{"ISO3166_2":"VA"},"countryName":"United States","fcodeName":"populated place","adminName1":"Virginia","lat":"37.76598","fcode":"PPL"},{"adminCode1":"KY","lng":"-83.85714","geonameId":4307633,"toponymName":"Sap Branch","countryId":"6252001","fcl":"H","population":0,"countryCode":"US","name":"Sap Branch","fclName":"stream, lake, ...","adminCodes1":{"ISO3166_2":"KY"},"countryName":"United States","fcodeName":"stream","adminName1":"Kentucky","lat":"38.34785","fcode":"STM"},{"adminCode1":"WV","lng":"-80.53628","geonameId":7161457,"toponymName":"City of Richwood","countryId":"6252001","fcl":"A","population":2051,"countryCode":"US","name":"City of Richwood","fclName":"country, state, region,...","adminCodes1":{"ISO3166_2":"WV"},"countryName":"United States","fcodeName":"administrative division","adminName1":"West Virginia","lat":"38.22211","fcode":"ADMD"},{"adminCode1":"WV","lng":"-80.84155","geonameId":7162143,"toponymName":"Town of Summersville","countryId":"6252001","fcl":"A","population":3572,"countryCode":"US","name":"Town of Summersville","fclName":"country, state, region,...","adminCodes1":{"ISO3166_2":"WV"},"countryName":"United States","fcodeName":"administrative division","adminName1":"West Virginia","lat":"38.28433","fcode":"ADMD"},{"adminCode1":"WV","lng":"-80.78148","geonameId":4047146,"toponymName":"Snow Hill","countryId":"6252001","fcl":"P","population":0,"countryCode":"US","name":"Snow Hill","fclName":"city, village,...","adminCodes1":{"ISO3166_2":"WV"},"countryName":"United States","fcodeName":"populated place","adminName1":"West Virginia","lat":"38.13539","fcode":"PPL"},{"adminCode1":"WV","lng":"-80.85121","geonameId":4815651,"toponymName":"Mount Nebo","countryId":"6252001","fcl":"P","population":0,"countryCode":"US","name":"Mount Nebo","fclName":"city, village,...","adminCodes1":{"ISO3166_2":"WV"},"countryName":"United States","fcodeName":"populated place","adminName1":"West Virginia","lat":"38.20011","fcode":"PPL"},{"adminCode1":"WV","lng":"-80.79315","geonameId":4818975,"toponymName":"Powell Mountain","countryId":"6252001","fcl":"T","population":0,"countryCode":"US","name":"Powell Mountain","fclName":"mountain,hill,rock,... ","adminCodes1":{"ISO3166_2":"WV"},"countryName":"United States","fcodeName":"ridge(s)","adminName1":"West Virginia","lat":"38.42761","fcode":"RDGE"},{"adminCode1":"WV","lng":"-80.72454","geonameId":4824002,"toponymName":"Summersville Lake Public Hunting and Fishing Area","countryId":"6252001","fcl":"L","population":0,"countryCode":"US","name":"Summersville Lake Public Hunting and Fishing Area","fclName":"parks,area, ...","adminCodes1":{"ISO3166_2":"WV"},"countryName":"United States","fcodeName":"park","adminName1":"West Virginia","lat":"38.29122","fcode":"PRK"},{"adminCode1":"WV","lng":"-80.88788","geonameId":4824003,"toponymName":"Summersville Lake State Wildlife Area","countryId":"6252001","fcl":"L","population":0,"countryCode":"US","name":"Summersville Lake State Wildlife Area","fclName":"parks,area, ...","adminCodes1":{"ISO3166_2":"WV"},"countryName":"United States","fcodeName":"park","adminName1":"West Virginia","lat":"38.26761","fcode":"PRK"},{"adminCode1":"WV","lng":"-80.88559","geonameId":4824005,"toponymName":"Summersville District","countryId":"6252001","fcl":"A","population":0,"countryCode":"US","name":"Summersville District","fclName":"country, state, region,...","adminCodes1":{"ISO3166_2":"WV"},"countryName":"United States","fcodeName":"administrative division","adminName1":"West Virginia","lat":"38.31793","fcode":"ADMD"},{"adminCode1":"WV","lng":"-80.68889","geonameId":4810827,"toponymName":"Kentucky District","countryId":"6252001","fcl":"A","population":0,"countryCode":"US","name":"Kentucky District","fclName":"country, state, region,...","adminCodes1":{"ISO3166_2":"WV"},"countryName":"United States","fcodeName":"administrative division","adminName1":"West Virginia","lat":"38.21087","fcode":"ADMD"},{"adminCode1":"WV","lng":"-80.67732","geonameId":4805086,"toponymName":"Eller Hollow","countryId":"6252001","fcl":"T","population":0,"countryCode":"US","name":"Eller Hollow","fclName":"mountain,hill,rock,... ","adminCodes1":{"ISO3166_2":"WV"},"countryName":"United States","fcodeName":"valley","adminName1":"West Virginia","lat":"38.36372","fcode":"VAL"},{"adminCode1":"WV","lng":"-80.81232","geonameId":4806451,"toponymName":"Fowler Knob","countryId":"6252001","fcl":"P","population":0,"countryCode":"US","name":"Fowler Knob","fclName":"city, village,...","adminCodes1":{"ISO3166_2":"WV"},"countryName":"United States","fcodeName":"populated place","adminName1":"West Virginia","lat":"38.184","fcode":"PPL"},{"adminCode1":"WV","lng":"-80.96011","geonameId":4807368,"toponymName":"Grant District","countryId":"6252001","fcl":"A","population":0,"countryCode":"US","name":"Grant District","fclName":"country, state, region,...","adminCodes1":{"ISO3166_2":"WV"},"countryName":"United States","fcodeName":"administrative division","adminName1":"West Virginia","lat":"38.28611","fcode":"ADMD"},{"adminCode1":"WV","lng":"-80.77469","geonameId":4807969,"toponymName":"Hamilton District","countryId":"6252001","fcl":"A","population":0,"countryCode":"US","name":"Hamilton District","fclName":"country, state, region,...","adminCodes1":{"ISO3166_2":"WV"},"countryName":"United States","fcodeName":"administrative division","adminName1":"West Virginia","lat":"38.43063","fcode":"ADMD"},{"adminCode1":"WV","lng":"-80.52342","geonameId":4808021,"toponymName":"Handle Factory Hollow","countryId":"6252001","fcl":"T","population":0,"countryCode":"US","name":"Handle Factory Hollow","fclName":"mountain,hill,rock,... ","adminCodes1":{"ISO3166_2":"WV"},"countryName":"United States","fcodeName":"valley","adminName1":"West Virginia","lat":"38.23123","fcode":"VAL"},{"adminCode1":"WV","lng":"-81.0833","geonameId":4810170,"toponymName":"Jefferson District","countryId":"6252001","fcl":"A","population":0,"countryCode":"US","name":"Jefferson District","fclName":"country, state, region,...","adminCodes1":{"ISO3166_2":"WV"},"countryName":"United States","fcodeName":"administrative division","adminName1":"West Virginia","lat":"38.26842","fcode":"ADMD"},{"adminCode1":"WV","lng":"-80.60395","geonameId":4798279,"toponymName":"Beaver District","countryId":"6252001","fcl":"A","population":0,"countryCode":"US","name":"Beaver District","fclName":"country, state, region,...","adminCodes1":{"ISO3166_2":"WV"},"countryName":"United States","fcodeName":"administrative division","adminName1":"West Virginia","lat":"38.30423","fcode":"ADMD"},{"adminCode1":"WV","lng":"-80.73398","geonameId":4827225,"toponymName":"Wildcat Knob","countryId":"6252001","fcl":"T","population":0,"countryCode":"US","name":"Wildcat Knob","fclName":"mountain,hill,rock,... ","adminCodes1":{"ISO3166_2":"WV"},"countryName":"United States","fcodeName":"mountain","adminName1":"West Virginia","lat":"38.324","fcode":"MT"},{"adminCode1":"WV","lng":"-80.82133","geonameId":4827246,"toponymName":"Wilderness District","countryId":"6252001","fcl":"A","population":0,"countryCode":"US","name":"Wilderness District","fclName":"country, state, region,...","adminCodes1":{"ISO3166_2":"WV"},"countryName":"United States","fcodeName":"administrative division","adminName1":"West Virginia","lat":"38.15476","fcode":"ADMD"},{"adminCode1":"MN","lng":"-92.5375","geonameId":5039230,"toponymName":"Nichols Lake","countryId":"6252001","fcl":"H","population":0,"countryCode":"US","name":"Nichols Lake","fclName":"stream, lake, ...","adminCodes1":{"ISO3166_2":"MN"},"countryName":"United States","fcodeName":"lake","adminName1":"Minnesota","lat":"47.09295","fcode":"LK"},{"adminCode1":"MT","lng":"-113.55038","geonameId":5675944,"toponymName":"Mount Saint Nicholas","countryId":"6252001","fcl":"T","population":0,"countryCode":"US","name":"Mount Saint Nicholas","fclName":"mountain,hill,rock,... ","adminCodes1":{"ISO3166_2":"MT"},"countryName":"United States","fcodeName":"mountain","adminName1":"Montana","lat":"48.39163","fcode":"MT"},{"adminCode1":"WV","lng":"-80.88593","geonameId":4797279,"toponymName":"Anglins Creek","countryId":"6252001","fcl":"H","population":0,"countryCode":"US","name":"Anglins Creek","fclName":"stream, lake, ...","adminCodes1":{"ISO3166_2":"WV"},"countryName":"United States","fcodeName":"stream","adminName1":"West Virginia","lat":"38.13678","fcode":"STM"},{"adminCode1":"10","lng":"-75.19083","geonameId":3541429,"toponymName":"Saint Nicolas Point","countryId":"3562981","fcl":"T","population":0,"countryCode":"CU","name":"Saint Nicolas Point","fclName":"mountain,hill,rock,... ","adminCodes1":{"ISO3166_2":"14"},"countryName":"Cuba","fcodeName":"point","adminName1":"Guantánamo","lat":"19.91111","fcode":"PT"},{"adminCode1":"WA","lng":"-118.24515","geonameId":5804722,"toponymName":"Nicholas Lake","countryId":"6252001","fcl":"H","population":0,"countryCode":"US","name":"Nicholas Lake","fclName":"stream, lake, ...","adminCodes1":{"ISO3166_2":"WA"},"countryName":"United States","fcodeName":"lake","adminName1":"Washington","lat":"48.46221","fcode":"LK"},{"adminCode1":"AK","lng":"173.23806","geonameId":4045643,"toponymName":"Lake Nicholas","countryId":"6252001","fcl":"H","population":0,"countryCode":"US","name":"Lake Nicholas","fclName":"stream, lake, ...","adminCodes1":{"ISO3166_2":"AK"},"countryName":"United States","fcodeName":"lake","adminName1":"Alaska","lat":"52.87639","fcode":"LK"},{"adminCode1":"AK","lng":"-132.91065","geonameId":5556899,"toponymName":"Lake Saint Nicholas","countryId":"6252001","fcl":"H","population":0,"countryCode":"US","name":"Lake Saint Nicholas","fclName":"stream, lake, ...","adminCodes1":{"ISO3166_2":"AK"},"countryName":"United States","fcodeName":"lake","adminName1":"Alaska","lat":"55.42588","fcode":"LK"},{"adminCode1":"WV","lng":"-80.83157","geonameId":4816622,"toponymName":"Nicholas County High School","countryId":"6252001","fcl":"S","population":0,"countryCode":"US","name":"Nicholas County High School","fclName":"spot, building, farm","adminCodes1":{"ISO3166_2":"WV"},"countryName":"United States","fcodeName":"school","adminName1":"West Virginia","lat":"38.32162","fcode":"SCH"}]}
